Date,Mkt,MktNm,Index,Constituents
2021-04-30,0111,プライム,100.0,1510
2021-04-30,0112,スタンダード,100.0,1456
2021-04-30,0113,グロース,100.0,291
2021-05-07,0111,プライム,102.09205020920503,1510
2021-05-07,0112,スタンダード,100.8695652173913,1453
2021-05-07,0113,グロース,100.0,291
2021-05-14,0111,プライム,99.3876611072782,1510
2021-05-14,0112,スタンダード,99.16888398631195,1434
2021-05-14,0113,グロース,95.73225150493036,292
2021-05-21,0111,プライム,100.24029290283158,1510
2021-05-21,0112,スタンダード,99.73666874696622,1434
2021-05-21,0113,グロース,98.02899261894538,290
2021-05-28,0111,プライム,100.50730157423038,1510
2021-05-28,0112,スタンダード,99.85006957041674,1436
2021-05-28,0113,グロース,97.6401179941003,289
2021-06-04,0111,プライム,100.95652005471429,1510
2021-06-04,0112,スタンダード,100.40049069129743,1440
2021-06-04,0113,グロース,97.2084580053744,290
2021-06-11,0111,プライム,101.095307863898,1510
2021-06-11,0112,スタンダード,100.8163401306144,1438
2021-06-11,0113,グロース,99.77941176470588,294
2021-06-18,0111,プライム,100.57720640023864,1510
2021-06-18,0112,スタンダード,100.5921539600296,1457
2021-06-18,0113,グロース,98.17232375979113,295
2021-06-25,0111,プライム,101.31913888681731,1510
2021-06-25,0112,スタンダード,100.69397874010131,1458
2021-06-25,0113,グロース,97.86474164133739,300
2021-07-02,0111,プライム,101.06463878326997,1513
2021-07-02,0112,スタンダード,100.78156973654472,1450
2021-07-02,0113,グロース,98.21428571428571,307
2021-07-09,0111,プライム,99.14893617021276,1513
2021-07-09,0112,スタンダード,99.70796460176992,1449
2021-07-09,0113,グロース,94.8936170212766,309
2021-07-16,0111,プライム,100.65359477124183,1513
2021-07-16,0112,スタンダード,100.27155465037339,1435
2021-07-16,0113,グロース,95.24550608159018,310
2021-07-21,0111,プライム,99.6141975308642,1513
2021-07-21,0112,スタンダード,99.64871194379391,1451
2021-07-21,0113,グロース,92.86437246963563,311
2021-07-30,0111,プライム,99.67914438502675,1513
2021-07-30,0112,スタンダード,99.08311924603909,1438
2021-07-30,0113,グロース,91.36363636363637,313
2021-08-06,0111,プライム,99.86772486772487,1513
2021-08-06,0112,スタンダード,98.34254143646409,1433
2021-08-06,0113,グロース,87.11424789672179,312
2021-08-13,0111,プライム,100.96562538686914,1513
2021-08-13,0112,スタンダード,99.16683243663347,1456
2021-08-13,0113,グロース,89.8686835106383,314
2021-08-20,0111,プライム,98.10640216411181,1513
2021-08-20,0112,スタンダード,96.37462235649546,1453
2021-08-20,0113,グロース,85.74879227053141,315
2021-08-27,0111,プライム,100.32502708559046,1513
2021-08-27,0112,スタンダード,98.20325659741718,1439
2021-08-27,0113,グロース,89.76545842217483,313
2021-09-03,0111,プライム,103.37243401759531,1513
2021-09-03,0112,スタンダード,99.25650557620817,1461
2021-09-03,0113,グロース,90.97222222222221,317
2021-09-10,0111,プライム,106.53753026634382,1513
2021-09-10,0112,スタンダード,100.56820016142049,1466
2021-09-10,0113,グロース,92.26519337016575,319
2021-09-17,0111,プライム,107.72946859903381,1513
2021-09-17,0112,スタンダード,100.55768729856973,1454
2021-09-17,0113,グロース,91.65247018739353,319
2021-09-24,0111,プライム,106.92870834688254,1514
2021-09-24,0112,スタンダード,100.53333333333335,1469
2021-09-24,0113,グロース,90.93207851789646,322
2021-10-01,0111,プライム,102.05811138014529,1521
2021-10-01,0112,スタンダード,99.57765716087943,1460
2021-10-01,0113,グロース,90.18121372842921,330
2021-10-08,0111,プライム,101.17845117845117,1521
2021-10-08,0112,スタンダード,98.53479853479854,1439
2021-10-08,0113,グロース,88.58245233217886,328
2021-10-15,0111,プライム,102.84511775639413,1522
2021-10-15,0112,スタンダード,99.0228013029316,1441
2021-10-15,0113,グロース,87.99056664728306,328
2021-10-22,0111,プライム,101.75668589407448,1521
2021-10-22,0112,スタンダード,98.51851851851852,1447
2021-10-22,0113,グロース,86.2707963318714,330
2021-10-29,0111,プライム,101.47123812566919,1522
2021-10-29,0112,スタンダード,98.42312474098632,1418
2021-10-29,0113,グロース,87.71551724137932,329
2021-11-05,0111,プライム,102.56282126414071,1522
2021-11-05,0112,スタンダード,98.79154078549848,1447
2021-11-05,0113,グロース,88.73844815834433,332
2021-11-12,0111,プライム,101.95601148832156,1522
2021-11-12,0112,スタンダード,98.17861339600469,1463
2021-11-12,0113,グロース,87.38404452690168,333
2021-11-19,0111,プライム,100.3327608415629,1522
2021-11-19,0112,スタンダード,97.51479289940829,1455
2021-11-19,0113,グロース,87.8048780487805,335
2021-11-26,0111,プライム,98.03002805800983,1522
2021-11-26,0112,スタンダード,96.05488243223004,1470
2021-11-26,0113,グロース,84.72789115646259,338
2021-12-03,0111,プライム,97.12411740985317,1522
2021-12-03,0112,スタンダード,94.51776649746193,1459
2021-12-03,0113,グロース,80.49242424242425,337
2021-12-10,0111,プライム,98.50187265917602,1523
2021-12-10,0112,スタンダード,95.63336148273257,1458
2021-12-10,0113,グロース,79.35606060606061,339
2021-12-17,0111,プライム,98.39639965027445,1524
2021-12-17,0112,スタンダード,95.12295288168852,1472
2021-12-17,0113,グロース,76.73611111111111,341
2021-12-24,0111,プライム,97.57281553398059,1525
2021-12-24,0112,スタンダード,93.9916935856022,1480
2021-12-24,0113,グロース,77.75729665910929,358
2021-12-30,0111,プライム,98.72521246458923,1525
2021-12-30,0112,スタンダード,94.9367088607595,1461
2021-12-30,0113,グロース,78.00813062047379,362
2022-01-07,0111,プライム,98.10000328171662,1526
2022-01-07,0112,スタンダード,94.24414631885094,1458
2022-01-07,0113,グロース,72.6505478425976,362
2022-01-14,0111,プライム,98.15306285281152,1526
2022-01-14,0112,スタンダード,94.27307969532269,1456
2022-01-14,0113,グロース,71.25645438898451,361
2022-01-21,0111,プライム,95.63215965359055,1526
2022-01-21,0112,スタンダード,92.09271117560158,1448
2022-01-21,0113,グロース,68.39784419402254,359
2022-01-28,0111,プライム,94.22905525846701,1526
2022-01-28,0112,スタンダード,90.01706484641639,1433
2022-01-28,0113,グロース,64.28571428571429,361
2022-02-04,0111,プライム,96.87241688571476,1526
2022-02-04,0112,スタンダード,92.20906873296025,1440
2022-02-04,0113,グロース,66.52524425983523,362
2022-02-10,0111,プライム,97.96044596374156,1526
2022-02-10,0112,スタンダード,93.24873096446701,1455
2022-02-10,0113,グロース,67.99544419134396,363
2022-02-18,0111,プライム,97.01093833416736,1526
2022-02-18,0112,スタンダード,92.13752804725677,1448
2022-02-18,0113,グロース,64.70543345543345,362
2022-02-25,0111,プライム,95.57197664236904,1526
2022-02-25,0112,スタンダード,91.32312062670465,1474
2022-02-25,0113,グロース,63.98798749382919,366
2022-03-04,0111,プライム,94.10548086866598,1527
2022-03-04,0112,スタンダード,91.0299003322259,1451
2022-03-04,0113,グロース,66.26663479161687,366
2022-03-11,0111,プライム,92.63913824057451,1527
2022-03-11,0112,スタンダード,89.25952803311294,1418
2022-03-11,0113,グロース,63.49206349206349,367
2022-03-18,0111,プライム,96.33911368015416,1527
2022-03-18,0112,スタンダード,92.35559735243866,1462
2022-03-18,0113,グロース,68.46456692913387,367
2022-03-25,0111,プライム,97.96791443850267,1527
2022-03-25,0112,スタンダード,93.5948717948718,1486
2022-03-25,0113,グロース,69.60370926832421,368
2022-04-01,0111,プライム,96.67892156862746,1528
2022-04-01,0112,スタンダード,92.26707085807621,1454
2022-04-01,0113,グロース,71.42961235791316,368
2022-04-08,0111,プライム,94.74938320055108,1528
2022-04-08,0112,スタンダード,91.51719619932021,1424
2022-04-08,0113,グロース,71.48733216866383,370
2022-04-15,0111,プライム,94.18973445117447,1528
2022-04-15,0112,スタンダード,90.8879614484415,1428
2022-04-15,0113,グロース,70.65479657209418,370
2022-04-22,0111,プライム,94.45854985087735,1528
2022-04-22,0112,スタンダード,91.0922633383307,1452
2022-04-22,0113,グロース,68.26923076923077,371
2022-04-28,0111,プライム,94.9878452201125,1528
2022-04-28,0112,スタンダード,90.56944412807604,1446
2022-04-28,0113,グロース,67.10022953328233,371
2022-05-06,0111,プライム,96.2278242818022,1528
2022-05-06,0112,スタンダード,90.68665563826855,1460
2022-05-06,0113,グロース,66.82880533972988,372
2022-05-13,0111,プライム,94.54299754299754,1528
2022-05-13,0112,スタンダード,89.67065868263472,1455
2022-05-13,0113,グロース,63.96099901574803,376
2022-05-20,0111,プライム,94.83370031395961,1528
2022-05-20,0112,スタンダード,90.00969042882363,1444
2022-05-20,0113,グロース,64.17730581728351,374
2022-05-27,0111,プライム,94.5030720218455,1528
2022-05-27,0112,スタンダード,89.65517241379311,1437
2022-05-27,0113,グロース,65.15151515151516,373
2022-06-03,0111,プライム,97.12644793891153,1528
2022-06-03,0112,スタンダード,90.69331857248778,1444
2022-06-03,0113,グロース,66.83748854433577,374
2022-06-10,0111,プライム,97.02444208289054,1529
2022-06-10,0112,スタンダード,91.67085703273905,1444
2022-06-10,0113,グロース,67.71084337349397,377
2022-06-17,0111,プライム,93.3403101512701,1529
2022-06-17,0112,スタンダード,89.45557005737282,1462
2022-06-17,0113,グロース,62.05049732211171,377
2022-06-24,0111,プライム,95.0485869642778,1528
2022-06-24,0112,スタンダード,90.31866614703787,1462
2022-06-24,0113,グロース,66.04477611940298,377
2022-07-01,0111,プライム,94.47102939536,1530
2022-07-01,0112,スタンダード,90.11473192863063,1458
2022-07-01,0113,グロース,64.34733798539767,382
2022-07-08,0111,プライム,95.98796389167502,1531
2022-07-08,0112,スタンダード,90.34181240063593,1456
2022-07-08,0113,グロース,65.23433231270425,384
2022-07-15,0111,プライム,96.27209838585703,1531
2022-07-15,0112,スタンダード,90.05872362887355,1442
2022-07-15,0113,グロース,66.66666666666666,380
2022-07-22,0111,プライム,98.99735566328779,1531
2022-07-22,0112,スタンダード,91.1411514970381,1460
2022-07-22,0113,グロース,67.3396674584323,383
2022-07-29,0111,プライム,98.87640449438202,1531
2022-07-29,0112,スタンダード,91.61793372319687,1455
2022-07-29,0113,グロース,68.62745098039215,387
2022-08-05,0111,プライム,99.02697169859951,1532
2022-08-05,0112,スタンダード,91.19365260669608,1446
2022-08-05,0113,グロース,68.19444444444444,387
2022-08-12,0111,プライム,100.15181442351859,1532
2022-08-12,0112,スタンダード,91.71014071384441,1476
2022-08-12,0113,グロース,68.44678754099475,388
2022-08-19,0111,プライム,100.69852329629863,1532
2022-08-19,0112,スタンダード,92.02127659574468,1475
2022-08-19,0113,グロース,68.85838150289018,385
2022-08-26,0111,プライム,100.44574138272881,1532
2022-08-26,0112,スタンダード,92.78153153153153,1478
2022-08-26,0113,グロース,69.05982905982906,388
2022-09-02,0111,プライム,98.0,1533
2022-09-02,0112,スタンダード,91.42394822006472,1479
2022-09-02,0113,グロース,68.28828828828829,387
2022-09-09,0111,プライム,99.22922252010724,1533
2022-09-09,0112,スタンダード,91.49940968122786,1467
2022-09-09,0113,グロース,69.69540526587507,389
2022-09-16,0111,プライム,98.2767109798129,1533
2022-09-16,0112,スタンダード,90.8506075768406,1475
2022-09-16,0113,グロース,68.63468634686348,389
2022-09-22,0111,プライム,98.03270884520884,1534
2022-09-22,0112,スタンダード,90.39062601320244,1476
2022-09-22,0113,グロース,68.59756097560977,389
2022-09-30,0111,プライム,95.57481575799667,1534
2022-09-30,0112,スタンダード,88.4990253411306,1455
2022-09-30,0113,グロース,64.87951807228916,391
2022-10-07,0111,プライム,98.51158309311879,1538
2022-10-07,0112,スタンダード,89.4310131487701,1446
2022-10-07,0113,グロース,66.55656482246077,397
2022-10-14,0111,プライム,97.91386271870795,1539
2022-10-14,0112,スタンダード,88.86593204775022,1468
2022-10-14,0113,グロース,64.63414634146342,395
2022-10-21,0111,プライム,97.51243781094527,1539
2022-10-21,0112,スタンダード,89.4282786660871,1442
2022-10-21,0113,グロース,67.41793238608525,393
2022-10-28,0111,プライム,97.26507713884993,1539
2022-10-28,0112,スタンダード,89.11174785100286,1447
2022-10-28,0113,グロース,66.75858176476987,402
2022-11-04,0111,プライム,97.22564734895191,1539
2022-11-04,0112,スタンダード,89.17363803305449,1462
2022-11-04,0113,グロース,65.07042253521126,401
2022-11-11,0111,プライム,99.50535861500413,1539
2022-11-11,0112,スタンダード,89.76076555023923,1481
2022-11-11,0113,グロース,66.7939424436949,402
2022-11-18,0111,プライム,99.61873638344227,1539
2022-11-18,0112,スタンダード,90.26657931868576,1470
2022-11-18,0113,グロース,68.11526761402314,402
2022-11-25,0111,プライム,102.69662921348315,1539
2022-11-25,0112,スタンダード,91.84100418410041,1497
2022-11-25,0113,グロース,69.76718414240355,406
2022-12-02,0111,プライム,98.82978723404256,1539
2022-12-02,0112,スタンダード,91.20171673819742,1483
2022-12-02,0113,グロース,69.41465230178869,408
2022-12-09,0111,プライム,99.22153356070706,1538
2022-12-09,0112,スタンダード,91.22241944906304,1480
2022-12-09,0113,グロース,67.91907514450867,409
2022-12-16,0111,プライム,99.18046664567811,1540
2022-12-16,0112,スタンダード,91.22597424255592,1472
2022-12-16,0113,グロース,67.82334384858044,415
2022-12-23,0111,プライム,97.5905973192166,1540
2022-12-23,0112,スタンダード,89.47799461147102,1500
2022-12-23,0113,グロース,63.43940419769803,419
2022-12-30,0111,プライム,98.0736405754694,1541
2022-12-30,0112,スタンダード,89.79591836734694,1475
2022-12-30,0113,グロース,64.42577030812325,425
2023-01-06,0111,プライム,96.22317318290865,1542
2023-01-06,0112,スタンダード,89.71774193548387,1475
2023-01-06,0113,グロース,64.56043956043956,425
2023-01-13,0111,プライム,97.0109663583123,1542
2023-01-13,0112,スタンダード,89.91417857784393,1470
2023-01-13,0113,グロース,65.71448791718996,420
2023-01-20,0111,プライム,98.3549192526721,1542
2023-01-20,0112,スタンダード,90.35292595530206,1480
2023-01-20,0113,グロース,66.80781758957654,423
2023-01-27,0111,プライム,100.87444431706727,1542
2023-01-27,0112,スタンダード,91.75675675675676,1469
2023-01-27,0113,グロース,69.27667493796525,422
2023-02-03,0111,プライム,99.85287159644041,1542
2023-02-03,0112,スタンダード,91.55555555555556,1481
2023-02-03,0113,グロース,69.41935483870968,421
2023-02-10,0111,プライム,101.01636749638661,1542
2023-02-10,0112,スタンダード,92.01127819548873,1487
2023-02-10,0113,グロース,69.19685207054769,426
2023-02-17,0111,プライム,101.66326471651203,1542
2023-02-17,0112,スタンダード,92.33333333333333,1479
2023-02-17,0113,グロース,69.39585929008828,424
2023-02-24,0111,プライム,102.62345679012346,1541
2023-02-24,0112,スタンダード,93.17269076305222,1509
2023-02-24,0113,グロース,70.81462243652092,424
2023-03-03,0111,プライム,104.49611310267048,1542
2023-03-03,0112,スタンダード,94.21052631578948,1501
2023-03-03,0113,グロース,73.48370927318297,425
2023-03-10,0111,プライム,105.81044719054111,1542
2023-03-10,0112,スタンダード,95.06781001033875,1500
2023-03-10,0113,グロース,71.5885916765959,426
2023-03-17,0111,プライム,101.83236998164284,1542
2023-03-17,0112,スタンダード,93.22448979591836,1495
2023-03-17,0113,グロース,69.51140065146579,425
2023-03-24,0111,プライム,101.67689161554192,1542
2023-03-24,0112,スタンダード,93.80281690140845,1493
2023-03-24,0113,グロース,70.14218009478674,427
2023-03-31,0111,プライム,103.33294686134882,1542
2023-03-31,0112,スタンダード,93.69863013698631,1495
2023-03-31,0113,グロース,70.65243997708453,436
2023-04-07,0111,プライム,101.50501672240804,1543
2023-04-07,0112,スタンダード,93.04347826086956,1471
2023-04-07,0113,グロース,69.91426344505066,439
2023-04-14,0111,プライム,103.96213955535988,1543
2023-04-14,0112,スタンダード,94.11764705882352,1491
2023-04-14,0113,グロース,72.56532066508314,439
2023-04-21,0111,プライム,104.69534091520758,1544
2023-04-21,0112,スタンダード,94.3327239488117,1493
2023-04-21,0113,グロース,70.98039215686275,439
2023-04-28,0111,プライム,106.13425952482018,1544
2023-04-28,0112,スタンダード,94.84504776993614,1498
2023-04-28,0113,グロース,71.37767220902613,441
2023-05-02,0111,プライム,106.8017189812575,1544
2023-05-02,0112,スタンダード,95.5082572122049,1502
2023-05-02,0113,グロース,71.6867469879518,441
2023-05-12,0111,プライム,107.33673571325997,1544
2023-05-12,0112,スタンダード,95.8095680959411,1498
2023-05-12,0113,グロース,72.10093339661447,442
2023-05-19,0111,プライム,108.81565309360126,1544
2023-05-19,0112,スタンダード,95.63704380355823,1506
2023-05-19,0113,グロース,71.25806017978483,442
2023-05-26,0111,プライム,107.40300133517495,1544
2023-05-26,0112,スタンダード,95.12646760098104,1506
2023-05-26,0113,グロース,70.74829931972789,441
2023-06-02,0111,プライム,108.21207303031963,1544
2023-06-02,0112,スタンダード,94.6451379824725,1488
2023-06-02,0113,グロース,73.0687213999885,440
2023-06-09,0111,プライム,109.75758114088437,1544
2023-06-09,0112,スタンダード,95.38967611336032,1492
2023-06-09,0113,グロース,74.03465386172769,440
2023-06-16,0111,プライム,113.9157202329296,1544
2023-06-16,0112,スタンダード,96.69621273166801,1503
2023-06-16,0113,グロース,76.70326971653103,444
2023-06-23,0111,プライム,113.36474530323318,1544
2023-06-23,0112,スタンダード,97.26095447280932,1512
2023-06-23,0113,グロース,78.48939172171896,444
2023-06-30,0111,プライム,113.92564308181964,1544
2023-06-30,0112,スタンダード,98.17093021519347,1502
2023-06-30,0113,グロース,79.3419452887538,450
2023-07-07,0111,プライム,112.58202764458251,1544
2023-07-07,0112,スタンダード,98.22485207100591,1509
2023-07-07,0113,グロース,77.31092436974791,449
2023-07-14,0111,プライム,112.0313315926893,1544
2023-07-14,0112,スタンダード,97.4819410792328,1490
2023-07-14,0113,グロース,75.73033707865169,455
2023-07-21,0111,プライム,112.996338428579,1544
2023-07-21,0112,スタンダード,98.68421052631578,1495
2023-07-21,0113,グロース,75.71428571428571,455
2023-07-28,0111,プライム,113.51775257573979,1544
2023-07-28,0112,スタンダード,98.40240914659046,1498
2023-07-28,0113,グロース,74.8314606741573,457
2023-08-04,0111,プライム,112.58467343150936,1544
2023-08-04,0112,スタンダード,98.41175773379162,1487
2023-08-04,0113,グロース,73.36834208552138,457
2023-08-10,0111,プライム,114.81506570925349,1544
2023-08-10,0112,スタンダード,98.4658893143056,1512
2023-08-10,0113,グロース,72.14285714285714,459
2023-08-18,0111,プライム,111.36394996175073,1544
2023-08-18,0112,スタンダード,97.0074812967581,1499
2023-08-18,0113,グロース,68.62988220706757,461
2023-08-25,0111,プライム,113.53459407777899,1544
2023-08-25,0112,スタンダード,98.02371541501977,1503
2023-08-25,0113,グロース,71.1158053827276,460
2023-09-01,0111,プライム,117.03626919045564,1544
2023-09-01,0112,スタンダード,100.0,1506
2023-09-01,0113,グロース,72.86474164133739,462
2023-09-08,0111,プライム,117.3254002303159,1544
2023-09-08,0112,スタンダード,100.29360399047835,1508
2023-09-08,0113,グロース,72.87776473809335,460
2023-09-15,0111,プライム,119.79330045543968,1544
2023-09-15,0112,スタンダード,100.61652281134401,1517
2023-09-15,0113,グロース,71.98243761996162,462
2023-09-22,0111,プライム,118.09653760873273,1544
2023-09-22,0112,スタンダード,100.63756743501717,1513
2023-09-22,0113,グロース,71.41897392723001,464
2023-09-29,0111,プライム,116.42036124794745,1543
2023-09-29,0112,スタンダード,100.59691760521636,1514
2023-09-29,0113,グロース,73.77182539682539,466
2023-10-06,0111,プライム,113.32672130291799,1547
2023-10-06,0112,スタンダード,98.79569804731169,1502
2023-10-06,0113,グロース,69.88764044943821,465
2023-10-13,0111,プライム,114.19999999999999,1547
2023-10-13,0112,スタンダード,98.56115107913669,1503
2023-10-13,0113,グロース,67.75431861804223,469
2023-10-20,0111,プライム,113.16476776810586,1547
2023-10-20,0112,スタンダード,97.86648713672525,1508
2023-10-20,0113,グロース,65.0925925925926,468
2023-10-27,0111,プライム,113.9020347668727,1548
2023-10-27,0112,スタンダード,97.86771174429401,1496
2023-10-27,0113,グロース,64.12724408801458,472
2023-11-02,0111,プライム,115.17948717948718,1549
2023-11-02,0112,スタンダード,98.28824080580932,1512
2023-11-02,0113,グロース,66.00124853488254,474
2023-11-10,0111,プライム,115.99147121535181,1549
2023-11-10,0112,スタンダード,98.4159779614325,1511
2023-11-10,0113,グロース,65.59938817225193,472
2023-11-17,0111,プライム,117.35271990912821,1550
2023-11-17,0112,スタンダード,98.71175523349437,1511
2023-11-17,0113,グロース,64.66876971608832,475
2023-11-24,0111,プライム,117.4488980766651,1550
2023-11-24,0112,スタンダード,99.67689822294022,1525
2023-11-24,0113,グロース,66.94835694855222,476
2023-12-01,0111,プライム,117.67045454545455,1549
2023-12-01,0112,スタンダード,100.0,1519
2023-12-01,0113,グロース,65.10071262361839,476
2023-12-08,0111,プライム,114.93417139883452,1550
2023-12-08,0112,スタンダード,99.01737769781693,1520
2023-12-08,0113,グロース,63.00417246175244,475
2023-12-15,0111,プライム,115.59536977741554,1550
2023-12-15,0112,スタンダード,99.0453460620525,1525
2023-12-15,0113,グロース,62.74881516587678,479
2023-12-22,0111,プライム,116.31422693299305,1550
2023-12-22,0112,スタンダード,99.11434221691553,1534
2023-12-22,0113,グロース,63.95348837209303,483
2023-12-29,0111,プライム,118.4030106840244,1550
2023-12-29,0112,スタンダード,100.0,1522
2023-12-29,0113,グロース,66.19047619047619,487
2024-01-05,0111,プライム,119.11613623210077,1550
2024-01-05,0112,スタンダード,101.67691357693238,1532
2024-01-05,0113,グロース,66.08157354475559,486
2024-01-12,0111,プライム,121.80709181557808,1550
2024-01-12,0112,スタンダード,102.219074598678,1527
2024-01-12,0113,グロース,66.50515846128278,486
2024-01-19,0111,プライム,121.97097123559861,1550
2024-01-19,0112,スタンダード,102.75921450671319,1524
2024-01-19,0113,グロース,64.39859270855189,486
2024-01-26,0111,プライム,122.12231139485237,1550
2024-01-26,0112,スタンダード,104.36657681940702,1532
2024-01-26,0113,グロース,65.66176470588235,485
2024-02-02,0111,プライム,123.49078044202354,1550
2024-02-02,0112,スタンダード,105.0,1531
2024-02-02,0113,グロース,65.89911664211556,486
2024-02-09,0111,プライム,122.61972919867657,1550
2024-02-09,0112,スタンダード,104.11981311371554,1530
2024-02-09,0113,グロース,65.86646661665417,487
2024-02-16,0111,プライム,123.59137522705848,1550
2024-02-16,0112,スタンダード,103.50210844274305,1536
2024-02-16,0113,グロース,64.78196946946947,488
2024-02-22,0111,プライム,124.83532602280675,1550
2024-02-22,0112,スタンダード,105.42857142857143,1541
2024-02-22,0113,グロース,65.70824524312896,489
2024-03-01,0111,プライム,125.96117574755759,1550
2024-03-01,0112,スタンダード,105.62651740171812,1536
2024-03-01,0113,グロース,65.92403545135457,490
2024-03-08,0111,プライム,127.9094879997007,1550
2024-03-08,0112,スタンダード,106.44007155635063,1523
2024-03-08,0113,グロース,67.28160607704828,491
2024-03-15,0111,プライム,127.43014583848978,1550
2024-03-15,0112,スタンダード,106.54450261780104,1529
2024-03-15,0113,グロース,65.49560853199499,491
2024-03-22,0111,プライム,131.02971441502325,1550
2024-03-22,0112,スタンダード,108.52842809364549,1533
2024-03-22,0113,グロース,67.81725888324873,493
2024-03-29,0111,プライム,128.77270161234804,1550
2024-03-29,0112,スタンダード,107.7612322584634,1534
2024-03-29,0113,グロース,66.87873152588821,505
2024-04-05,0111,プライム,125.46805349182763,1551
2024-04-05,0112,スタンダード,105.78358208955223,1537
2024-04-05,0113,グロース,64.93807713199348,504
2024-04-12,0111,プライム,127.86287381473377,1551
2024-04-12,0112,スタンダード,107.11260105533233,1524
2024-04-12,0113,グロース,64.4434429923389,507
2024-04-19,0111,プライム,123.29966329966331,1551
2024-04-19,0112,スタンダード,104.20556521389597,1532
2024-04-19,0113,グロース,62.21020092735703,507
2024-04-26,0111,プライム,125.5654761904762,1551
2024-04-26,0112,スタンダード,104.43037974683544,1525
2024-04-26,0113,グロース,63.92405063291139,505
2024-05-02,0111,プライム,126.4720942140297,1551
2024-05-02,0112,スタンダード,105.03346080305927,1510
2024-05-02,0113,グロース,63.51822151742863,506
2024-05-10,0111,プライム,128.4789644012945,1551
2024-05-10,0112,スタンダード,105.34553420751969,1530
2024-05-10,0113,グロース,63.13453536754508,507
2024-05-17,0111,プライム,127.491961414791,1551
2024-05-17,0112,スタンダード,104.02886349969933,1529
2024-05-17,0113,グロース,62.79873533936836,506
2024-05-24,0111,プライム,126.39423076923077,1551
2024-05-24,0112,スタンダード,104.17422867513612,1529
2024-05-24,0113,グロース,63.32524925895985,507
2024-05-31,0111,プライム,127.32626619552414,1551
2024-05-31,0112,スタンダード,104.14903788340261,1530
2024-05-31,0113,グロース,60.873080032336304,509
2024-06-07,0111,プライム,126.21052631578947,1551
2024-06-07,0112,スタンダード,104.26716141001855,1517
2024-06-07,0113,グロース,62.70235979462875,506
2024-06-14,0111,プライム,127.48184019370461,1551
2024-06-14,0112,スタンダード,105.27159436834094,1518
2024-06-14,0113,グロース,63.15565048423909,510
2024-06-21,0111,プライム,127.25877192982455,1551
2024-06-21,0112,スタンダード,105.7202380952381,1516
2024-06-21,0113,グロース,62.61585993820803,517
2024-06-28,0111,プライム,129.46341463414635,1551
2024-06-28,0112,スタンダード,106.78304239401497,1535
2024-06-28,0113,グロース,65.0190114068441,517
2024-07-05,0111,プライム,129.81393336218088,1551
2024-07-05,0112,スタンダード,107.78894472361809,1535
2024-07-05,0113,グロース,64.13581008441867,520
2024-07-12,0111,プライム,131.5351418002466,1551
2024-07-12,0112,スタンダード,108.1319651329582,1531
2024-07-12,0113,グロース,64.77556109725685,521
2024-07-19,0111,プライム,131.72413793103448,1551
2024-07-19,0112,スタンダード,107.61143818334735,1523
2024-07-19,0113,グロース,64.81839783343307,520
2024-07-26,0111,プライム,126.92728147273601,1552
2024-07-26,0112,スタンダード,105.9114735002912,1524
2024-07-26,0113,グロース,63.56050069541029,521
2024-08-02,0111,プライム,119.30379746835442,1553
2024-08-02,0112,スタンダード,100.6352390504848,1545
2024-08-02,0113,グロース,58.724202626641656,523
2024-08-09,0111,プライム,117.44765702891327,1553
2024-08-09,0112,スタンダード,97.07894494298235,1532
2024-08-09,0113,グロース,54.74990399385561,524
2024-08-16,0111,プライム,122.67441860465115,1553
2024-08-16,0112,スタンダード,100.5403239447539,1534
2024-08-16,0113,グロース,58.36627140974967,523
2024-08-23,0111,プライム,124.91124260355029,1553
2024-08-23,0112,スタンダード,101.5625,1529
2024-08-23,0113,グロース,58.22604668752135,524
2024-08-30,0111,プライム,126.6798418972332,1553
2024-08-30,0112,スタンダード,102.42886012839362,1514
2024-08-30,0113,グロース,59.68992248062015,523
2024-09-06,0111,プライム,123.4511008704557,1553
2024-09-06,0112,スタンダード,100.17300210360428,1508
2024-09-06,0113,グロース,58.406341259908224,525
2024-09-13,0111,プライム,121.16650987770461,1553
2024-09-13,0112,スタンダード,99.96563573883162,1500
2024-09-13,0113,グロース,58.3206106870229,523
2024-09-20,0111,プライム,124.62462462462463,1553
2024-09-20,0112,スタンダード,101.29870129870129,1527
2024-09-20,0113,グロース,58.5284530793137,522
2024-09-27,0111,プライム,127.75000000000001,1553
2024-09-27,0112,スタンダード,101.34786557674842,1518
2024-09-27,0113,グロース,58.21059431524548,528
2024-10-04,0111,プライム,126.85573366214551,1555
2024-10-04,0112,スタンダード,101.5353183401964,1520
2024-10-04,0113,グロース,58.83798092874969,524
2024-10-11,0111,プライム,126.2905162064826,1555
2024-10-11,0112,スタンダード,100.34435261707988,1515
2024-10-11,0113,グロース,57.562299286657534,528
2024-10-18,0111,プライム,125.60926580524611,1556
2024-10-18,0112,スタンダード,99.97859589041096,1508
2024-10-18,0113,グロース,56.48211214310286,526
2024-10-25,0111,プライム,121.53212432461349,1558
2024-10-25,0112,スタンダード,97.98713440500111,1534
2024-10-25,0113,グロース,54.41055312137213,530
2024-11-01,0111,プライム,122.66666666666666,1557
2024-11-01,0112,スタンダード,98.90052943458517,1514
2024-11-01,0113,グロース,56.42496515855423,528
2024-11-08,0111,プライム,125.3687965065733,1558
2024-11-08,0112,スタンダード,100.0,1528
2024-11-08,0113,グロース,56.76077265973254,531
2024-11-15,0111,プライム,124.31851178635938,1558
2024-11-15,0112,スタンダード,98.9983305509182,1527
2024-11-15,0113,グロース,57.496136012364765,533
2024-11-22,0111,プライム,124.92936011987055,1558
2024-11-22,0112,スタンダード,99.69832756240524,1526
2024-11-22,0113,グロース,57.872349086172505,532
2024-11-29,0111,プライム,124.29564651263287,1558
2024-11-29,0112,スタンダード,99.77527807558295,1520
2024-11-29,0113,グロース,57.60906605632907,536
2024-12-06,0111,プライム,124.94124319084668,1558
2024-12-06,0112,スタンダード,99.75062344139651,1533
2024-12-06,0113,グロース,56.059580230196346,535
2024-12-13,0111,プライム,125.43902154619539,1558
2024-12-13,0112,スタンダード,100.0,1527
2024-12-13,0113,グロース,57.77548918640577,541
2024-12-20,0111,プライム,124.85207100591715,1559
2024-12-20,0112,スタンダード,99.44444444444444,1545
2024-12-20,0113,グロース,56.37065637065637,545
2024-12-27,0111,プライム,127.62730227518959,1559
2024-12-27,0112,スタンダード,99.96651038178165,1544
2024-12-27,0113,グロース,56.587154251139395,550
2024-12-30,0111,プライム,127.61061946902655,1559
2024-12-30,0112,スタンダード,100.45714285714287,1553
2024-12-30,0113,グロース,57.56071132512003,548
2025-01-10,0111,プライム,124.10296411856474,1559
2025-01-10,0112,スタンダード,101.0,1527
2025-01-10,0113,グロース,57.713763585649716,550
2025-01-17,0111,プライム,122.81993204983013,1559
2025-01-17,0112,スタンダード,99.36567164179105,1525
2025-01-17,0113,グロース,56.70293646885003,548
2025-01-24,0111,プライム,124.58354366481575,1559
2025-01-24,0112,スタンダード,100.73099571448418,1534
2025-01-24,0113,グロース,58.52036511967715,548
2025-01-31,0111,プライム,127.15063520871144,1559
2025-01-31,0112,スタンダード,100.7289029535865,1538
2025-01-31,0113,グロース,59.85092891311603,548
2025-02-07,0111,プライム,125.96491228070175,1559
2025-02-07,0112,スタンダード,101.17647058823529,1537
2025-02-07,0113,グロース,60.29280653183802,550
2025-02-14,0111,プライム,126.31010264721772,1559
2025-02-14,0112,スタンダード,103.38709677419355,1541
2025-02-14,0113,グロース,61.471861471861466,551
2025-02-21,0111,プライム,124.33889602053915,1559
2025-02-21,0112,スタンダード,102.97617719743106,1542
2025-02-21,0113,グロース,61.35432704613342,552
2025-02-28,0111,プライム,123.38078291814946,1559
2025-02-28,0112,スタンダード,101.98414341309928,1550
2025-02-28,0113,グロース,61.26482213438735,553
2025-03-07,0111,プライム,125.23076923076924,1559
2025-03-07,0112,スタンダード,102.84033613445378,1538
2025-03-07,0113,グロース,60.66291432145091,551
2025-03-14,0111,プライム,125.84615384615385,1559
2025-03-14,0112,スタンダード,103.24675324675326,1531
2025-03-14,0113,グロース,63.41968911917098,553
2025-03-21,0111,プライム,127.6242905328332,1560
2025-03-21,0112,スタンダード,105.23150932050511,1555
2025-03-21,0113,グロース,64.19180201082753,553
2025-03-28,0111,プライム,126.81645387026504,1560
2025-03-28,0112,スタンダード,103.98268398268398,1545
2025-03-28,0113,グロース,63.87096774193548,557
2025-04-04,0111,プライム,116.61407173788629,1560
2025-04-04,0112,スタンダード,96.6628066782042,1554
2025-04-04,0113,グロース,56.56631092804094,562
2025-04-11,0111,プライム,117.95724486763687,1560
2025-04-11,0112,スタンダード,96.6916354556804,1537
2025-04-11,0113,グロース,57.379523028248805,558
2025-04-18,0111,プライム,122.4037739036872,1560
2025-04-18,0112,スタンダード,99.12959381044487,1537
2025-04-18,0113,グロース,59.367088607594944,559
2025-04-25,0111,プライム,123.82508304253457,1560
2025-04-25,0112,スタンダード,100.46188022036608,1546
2025-04-25,0113,グロース,61.10397139820273,564
2025-05-02,0111,プライム,124.57043777648116,1560
2025-05-02,0112,スタンダード,100.0,1541
2025-05-02,0113,グロース,60.50777072480768,560
2025-05-09,0111,プライム,126.95923339351474,1560
2025-05-09,0112,スタンダード,100.76086956521739,1545
2025-05-09,0113,グロース,62.285257690771076,559
2025-05-16,0111,プライム,125.61026319392239,1560
2025-05-16,0112,スタンダード,101.83028286189683,1535
2025-05-16,0113,グロース,64.01869158878505,563
2025-05-23,0111,プライム,125.40927159542625,1560
2025-05-23,0112,スタンダード,102.9106029106029,1543
2025-05-23,0113,グロース,62.87651553422582,562
2025-05-30,0111,プライム,127.95131271849425,1560
2025-05-30,0112,スタンダード,103.69999999999999,1547
2025-05-30,0113,グロース,65.28860767858322,562
2025-06-06,0111,プライム,126.93684912532703,1560
2025-06-06,0112,スタンダード,103.20855614973262,1517
2025-06-06,0113,グロース,64.88052136133237,561
2025-06-13,0111,プライム,126.23785546988834,1560
2025-06-13,0112,スタンダード,104.111071576825,1532
2025-06-13,0113,グロース,66.6141357328229,562
2025-06-20,0111,プライム,127.72910821109109,1560
2025-06-20,0112,スタンダード,104.91155186277138,1534
2025-06-20,0113,グロース,67.10667229365626,562
2025-06-27,0111,プライム,128.5216718266254,1561
2025-06-27,0112,スタンダード,105.40682414698163,1549
2025-06-27,0113,グロース,66.51555973804982,566
2025-07-04,0111,プライム,129.199604743083,1561
2025-07-04,0112,スタンダード,104.58171357487171,1530
2025-07-04,0113,グロース,66.08428041421091,566
2025-07-11,0111,プライム,131.14231014677728,1561
2025-07-11,0112,スタンダード,105.58069381598794,1539
2025-07-11,0113,グロース,67.44186046511628,569
2025-07-18,0111,プライム,131.3586956521739,1561
2025-07-18,0112,スタンダード,106.55918469194579,1550
2025-07-18,0113,グロース,67.47458718362334,568
2025-07-25,0111,プライム,134.47405329593266,1561
2025-07-25,0112,スタンダード,108.1374321880651,1557
2025-07-25,0113,グロース,68.57886068341472,568
2025-08-01,0111,プライム,136.34146341463415,1561
2025-08-01,0112,スタンダード,110.02918724741806,1546
2025-08-01,0113,グロース,71.14827154766424,568
2025-08-08,0111,プライム,139.57676722197206,1561
2025-08-08,0112,スタンダード,110.94594594594595,1559
2025-08-08,0113,グロース,71.0880829015544,569
2025-08-15,0111,プライム,139.38953488372093,1561
2025-08-15,0112,スタンダード,111.85185185185185,1549
2025-08-15,0113,グロース,71.26865671641791,571
2025-08-22,0111,プライム,141.29032258064515,1561
2025-08-22,0112,スタンダード,114.32310003285922,1550
2025-08-22,0113,グロース,72.20736975566099,570
2025-08-29,0111,プライム,140.5737704918033,1561
2025-08-29,0112,スタンダード,113.91728059113737,1550
2025-08-29,0113,グロース,73.16383822267349,568
2025-09-05,0111,プライム,143.2648401826484,1561
2025-09-05,0112,スタンダード,115.4913294797688,1549
2025-09-05,0113,グロース,73.97751925775523,568
2025-09-12,0111,プライム,144.41674975074775,1561
2025-09-12,0112,スタンダード,114.49684762138705,1542
2025-09-12,0113,グロース,73.08319738988581,571
2025-09-19,0111,プライム,144.81305950500263,1561
2025-09-19,0112,スタンダード,116.06235174517113,1561
2025-09-19,0113,グロース,71.94530794999397,570
2025-09-26,0111,プライム,145.29971676250966,1562
2025-09-26,0112,スタンダード,116.20098607141938,1564
2025-09-26,0113,グロース,72.67637134720158,568
2025-10-03,0111,プライム,140.20600047247814,1564
2025-10-03,0112,スタンダード,113.98608998043905,1552
2025-10-03,0113,グロース,69.78850263660391,574
2025-10-10,0111,プライム,140.69081718618366,1565
2025-10-10,0112,スタンダード,113.17829457364341,1555
2025-10-10,0113,グロース,70.49819927971188,574
2025-10-17,0111,プライム,141.15048643463962,1566
2025-10-17,0112,スタンダード,112.67605633802818,1541
2025-10-17,0113,グロース,67.201131025028,574
2025-10-24,0111,プライム,143.73900337626068,1566
2025-10-24,0112,スタンダード,115.31064131191881,1562
2025-10-24,0113,グロース,69.30835734870317,575
2025-10-31,0111,プライム,141.75624719914347,1566
2025-10-31,0112,スタンダード,114.4083039685834,1558
2025-10-31,0113,グロース,66.58227848101265,577
2025-11-07,0111,プライム,141.60268501871553,1566
2025-11-07,0112,スタンダード,114.63714637146371,1543
2025-11-07,0113,グロース,66.24788255223038,576
2025-11-14,0111,プライム,143.59262460386057,1566
2025-11-14,0112,スタンダード,115.06343250146446,1554
2025-11-14,0113,グロース,67.17557251908397,579
2025-11-21,0111,プライム,143.61900064169072,1566
2025-11-21,0112,スタンダード,114.21650118418655,1554
2025-11-21,0113,グロース,64.48412698412699,579
2025-11-28,0111,プライム,146.8825404198764,1566
2025-11-28,0112,スタンダード,116.32907039075366,1564
2025-11-28,0113,グロース,65.74202496532594,581
2025-12-05,0111,プライム,143.6427451430768,1566
2025-12-05,0112,スタンダード,115.04325783310586,1558
2025-12-05,0113,グロース,64.84049930651872,585
2025-12-12,0111,プライム,145.2973663791136,1566
2025-12-12,0112,スタンダード,114.93879472693031,1558
2025-12-12,0113,グロース,63.24549237170597,585
2025-12-19,0111,プライム,147.47477929081955,1568
2025-12-19,0112,スタンダード,115.63088512241055,1567
2025-12-19,0113,グロース,63.023975865354075,588
2025-12-26,0111,プライム,149.86479177934018,1569
2025-12-26,0112,スタンダード,117.19593779157947,1570
2025-12-26,0113,グロース,65.60951437066403,593
2025-12-30,0111,プライム,149.86541049798117,1569
2025-12-30,0112,スタンダード,118.30343038442199,1570
2025-12-30,0113,グロース,65.14925373134328,593
2026-01-09,0111,プライム,152.01375245579567,1569
2026-01-09,0112,スタンダード,119.83541146429712,1566
2026-01-09,0113,グロース,66.70212765957447,591
2026-01-16,0111,プライム,156.57099697885198,1569
2026-01-16,0112,スタンダード,121.96702966784028,1564
2026-01-16,0113,グロース,67.95865633074936,591
2026-01-23,0111,プライム,157.3519163763066,1569
2026-01-23,0112,スタンダード,122.46835443037976,1567
2026-01-23,0113,グロース,68.608,593
2026-01-30,0111,プライム,153.26633165829148,1569
2026-01-30,0112,スタンダード,121.2237700059277,1566
2026-01-30,0113,グロース,68.02665773557067,590
2026-02-06,0111,プライム,156.10134436401242,1569
2026-02-06,0112,スタンダード,122.8171334431631,1563
2026-02-06,0113,グロース,65.74746008708273,591
2026-02-13,0111,プライム,159.04033379694022,1569
2026-02-13,0112,スタンダード,124.66612991091456,1570
2026-02-13,0113,グロース,65.67357512953367,591
2026-02-20,0111,プライム,160.09763153136865,1569
2026-02-20,0112,スタンダード,126.07142857142857,1569
2026-02-20,0113,グロース,64.62151394422311,593
2026-02-27,0111,プライム,166.3183279742765,1569
2026-02-27,0112,スタンダード,128.9779966103676,1574
2026-02-27,0113,グロース,65.6862111009704,594
2026-03-06,0111,プライム,158.53658536585365,1569
2026-03-06,0112,スタンダード,124.93233632175809,1562
2026-03-06,0113,グロース,63.90901656103048,590
2026-03-13,0111,プライム,154.5628589661774,1569
2026-03-13,0112,スタンダード,124.46364643709514,1552
2026-03-13,0113,グロース,63.893016344725105,587
2026-03-19,0111,プライム,154.04884318766068,1569
2026-03-19,0112,スタンダード,124.02830188679246,1564
2026-03-19,0113,グロース,62.637362637362635,589
2026-03-27,0111,プライム,156.2303664921466,1569
2026-03-27,0112,スタンダード,123.53846153846153,1563
2026-03-27,0113,グロース,62.25769669327252,593
2026-04-03,0111,プライム,154.9757934373319,1573
2026-04-03,0112,スタンダード,121.18226600985223,1559
2026-04-03,0113,グロース,62.144702842377264,589
2026-04-10,0111,プライム,156.9500180223477,1574
2026-04-10,0112,スタンダード,122.0125786163522,1553
2026-04-10,0113,グロース,61.72800000000001,593
2026-04-17,0111,プライム,156.54763592710225,1574
2026-04-17,0112,スタンダード,124.06311637080867,1557
2026-04-17,0113,グロース,63.576158940397356,597
2026-04-24,0111,プライム,152.0632584542441,1574
2026-04-24,0112,スタンダード,122.30769230769232,1563
2026-04-24,0113,グロース,63.61130758672135,596
