Date,エネルギー資源,不動産,医薬品,商社・卸売,小売,建設・資材,情報通信・サービスその他,機械,素材・化学,自動車・輸送機,運輸・物流,金融（除く銀行）,鉄鋼・非鉄,銀行,電機・精密,電気・ガス,食品,TOPIX
2021-04-30,100.0,100.0,100.0,100.0,100.0,100.0,100.0,100.0,100.0,100.0,100.0,100.0,100.0,100.0,100.0,100.0,100.0,100.0
2021-05-07,104.00025601638505,101.86688311688312,100.64285714285714,101.43769968051117,101.239829275291,101.7658792030022,100.60975609756098,102.16619199195844,101.80192811309585,102.48212749558596,101.13192744193597,102.34162802933152,104.28313796212805,103.17781176123768,101.40350877192984,102.20440881763525,101.11974712787773,101.83380394470667
2021-05-14,102.48850192433045,99.31553441723449,96.68008048289738,99.65729952021934,99.66925276273835,99.32885906040269,97.45508982035929,98.7991266375546,99.64230965763925,99.95836802664446,99.37952430196484,99.02949198438083,100.55291315290651,101.5881708652793,97.92216992961396,99.67652495378928,100.41225743403601,99.21927680377614
2021-05-21,100.13118312953202,100.66126693936368,98.6086336068498,100.13831258644537,100.08882185352775,99.5973154362416,99.30586146137327,99.25301352008731,100.08291873963515,101.3410749152194,99.08576344309513,101.10344827586206,98.68421052631578,101.56009965655599,98.83720930232558,98.63481228668942,100.0,100.33978843560351
2021-05-28,99.96178830722201,100.88673481088341,98.27586206896551,100.66138850324748,100.30706243602864,99.79508196721312,99.1638795986622,99.63985594237695,100.6902994757876,101.98863636363636,99.74457215836526,101.68949213336593,100.60142154182614,100.48872966114347,100.0,98.48621780388612,99.63223002340355,102.59187457855698
2021-06-04,102.7377305632319,101.95294626061315,98.7891019172553,100.84565843093671,101.39970738705489,100.42091148232628,99.10650801712254,100.64829821717991,101.41489407450554,105.87997820250636,101.1204481792717,101.60811207275925,100.60492427652528,100.43158329162387,100.90752956005795,96.9639468690702,99.87421383647799,103.2108690155091
2021-06-11,102.31208889883474,103.24026665574375,102.46164823403497,101.42857142857142,102.34375,100.2824858757062,100.39370078740157,100.0,101.22199592668024,104.44450014607271,102.95798319327729,100.37929443779151,99.49281487743026,97.89915966386555,100.90759075907592,99.2,99.92260061919505,102.93851146325017
2021-06-18,100.47184134458024,101.98717948717947,101.72413793103448,101.33420410153182,101.60818713450293,99.88864142538975,99.90019154855501,98.94259818731118,100.51546391752578,102.84249003784463,101.55916195239791,100.9314950634203,97.58674697706556,98.02032988108937,100.97859327217125,99.26548672566372,99.96143463170074,102.54551584625757
2021-06-25,102.0163024249517,101.51976428431455,102.62137478789333,101.934650997151,101.98581133933484,100.0,100.06497725795971,99.39577039274926,100.75528700906344,103.59550561797752,102.33975615935364,99.63898916967509,98.68780754510662,98.47281888949901,101.33115252089505,98.26589595375722,100.29999999999998,103.3931431220499
2021-07-02,100.40791896869246,101.99173101247901,100.92153870864118,102.42146093781608,101.6231624090225,99.95515695067265,100.30337807127361,98.93097071256038,100.57915057915059,103.23624595469256,102.3041474654378,100.49741383477546,99.01800390782495,98.79940569383646,100.73170731707317,97.6280834914611,100.0,103.0591495279838
2021-07-09,98.58001635512352,100.20714737507905,98.91590627423412,100.5086469989827,100.41518386714117,99.06021541907315,98.9655172413793,98.70004932173119,98.37862134772891,101.68374893782193,100.1851851851852,97.38052552686699,94.91437222064528,96.02308665401645,99.26605504587155,96.77037901869855,99.348566557114,100.74490053944707
2021-07-16,102.26423385555981,101.53511460911815,99.0803853086976,102.33184433027634,101.17340286831814,100.0,99.4236156000862,99.54102920723228,100.0,103.26086956521738,101.31490376081969,99.71771873655723,96.24073160368954,96.90332987671391,100.82014899198333,98.34368530020704,100.36862359495564,101.78849881995956
2021-07-21,99.25548665612857,100.39613120923036,96.55004520273908,101.10344827586206,100.27044104965208,99.76151597728084,98.03459119496856,97.71784232365145,98.67330016583747,102.31923601637108,99.69183359013869,98.45500420521446,95.56313993174061,96.39632597224937,99.08700322234156,96.81146025878003,100.53169734151331,100.32503792987188
2021-07-30,100.1784486052732,99.90240179266911,95.92070207228028,101.42857142857142,100.15700360623427,99.43502824858757,96.70300685774575,97.68941066567754,99.09683995922529,102.87162162162163,100.1,98.57110542726028,97.04931001798656,96.87194459532863,99.12959381044487,95.70240295748613,100.14771048744461,100.14961227242077
2021-08-06,100.27187922678942,99.93674889310563,92.9394653836443,100.7843137254902,99.31683571010956,98.80652206021986,95.34206695778748,98.77987493350818,99.43279661118453,102.46184145741015,100.2304147465438,97.41205922323152,96.6772449968453,98.23667813881733,98.58548585485855,96.07072691552064,99.78708303761533,101.63835974376263
2021-08-13,101.70193666563556,100.48094709581945,96.67704860501843,101.66770958870246,100.92083842083844,99.80013324450367,96.26164596273293,98.74251901870463,100.88435745264528,103.47633136094674,102.02458423716558,98.87347463328754,98.36813649313649,100.7664219323596,98.44566608931396,97.9296066252588,99.61583207707938,103.06336395819287
2021-08-20,96.21664693350483,97.98301552292796,95.20235692662534,100.05773672055427,99.15700737618546,97.57804090419806,93.14697926059513,94.15670650730412,97.87755102040816,97.78378378378379,100.0,95.12955416337206,94.32201725211323,98.57168573710916,93.62745098039215,95.93837535014005,99.5995995995996,99.07493256911665
2021-08-27,97.77215739508081,100.07105637138798,97.10994150310302,101.1109968374772,99.64629295321157,98.73417721518987,96.73758865248226,96.73839134142584,99.88738738738738,99.79428996902864,101.71315864167613,97.83604867956292,96.0,100.64752548071871,97.25127847512783,97.86527514231499,100.19282684149633,101.60833192852326
2021-09-03,99.53197589914197,102.1103896103896,99.7578634507238,103.43389418783266,100.65189048239895,100.6212138750627,98.79518072289156,99.6458923512748,102.16642393604494,102.82219091718837,101.31456883828803,100.0,97.7815699658703,102.56146895029946,101.13327545040156,98.17927170868346,101.54049515838706,106.17466706001349
2021-09-10,103.50319536372103,103.99522957662492,101.48530934999143,104.83870967741935,102.30419639823309,101.76498905731054,100.60240963855422,101.66357057698173,105.38253026326562,103.39342349416354,103.48754448398576,105.0231382090549,102.14635679262373,104.81421004268663,103.1080031080031,100.80515297906602,102.63157894736842,110.18891183412003
2021-09-17,103.90065447536713,102.97482837528604,101.24424612064628,105.23560013804088,102.38297872340425,102.51282051282051,100.0,101.77148084446578,105.69777043765482,104.95386168667903,105.80792613246788,105.38030143708377,100.79261929668051,107.25806451612902,104.6539093709521,100.96618357487924,103.3099297893681,110.63774865138234
2021-09-24,104.45606968595476,103.78489702517165,100.50125313283209,105.22842639593908,102.51256281407035,101.56438026474129,100.29812343778912,101.0204081632653,105.2160953800298,104.17440344910605,108.05851063829788,104.61176701121835,99.54328326919334,105.44159259304003,103.53982300884957,101.707779886148,102.86396181384248,110.14149949426837
2021-10-01,104.68827905307035,101.47965474722565,96.7032967032967,102.45043451679112,100.76923076923077,99.38350263053843,98.635477582846,98.07264057008732,100.41899441340783,101.78745367909623,103.67990983375599,100.05931198102019,96.93576900412492,100.84033613445378,99.08675799086758,98.13664596273291,101.67064439140812,104.6395608563722
2021-10-08,106.47394347938813,100.37688442211055,93.98496240601504,101.71874999999999,100.0847098686997,98.71630295250321,97.6991694059063,96.76075696347115,99.57050823192556,101.1439466158246,103.57295069674919,99.51124945391001,95.94405594405593,102.94117647058823,96.84612730546,97.5154784842646,100.98039215686273,103.35099881995953
2021-10-15,108.41864615816547,102.27272727272727,95.87912087912088,101.97183098591549,100.38298565840937,99.89053092501369,98.52216748768473,98.11536264991435,100.44205875250982,102.89783889980353,101.69491525423729,99.55985430744906,97.96373056994818,101.91062471500227,99.24242424242425,93.875,101.15840819764176,106.62139666217128
2021-10-22,106.47523982369718,101.52572623591223,93.66008290660814,101.82592592592592,99.75763451284537,99.8888888888889,97.95307039440839,98.40384023432426,99.28832777129992,101.32521505682939,102.3041474654378,98.51851851851852,98.53300539317385,101.4187866927593,98.00796812749005,96.72447013487476,100.24479804161565,105.47823246797033
2021-10-29,107.60704812428949,101.42358554798425,91.27025614218505,101.62337662337661,99.10835716791823,98.53943090756869,98.04081632653062,98.28242865255193,99.40476190476191,101.92138692775514,102.43236212278876,96.68367346938776,98.95750573964226,98.60204546935054,98.58189483825474,91.13680154142581,100.6517016654598,105.42291807147674
2021-11-05,105.92828224407171,101.37987012987013,90.82151944747365,101.64041712419065,100.60090264345585,98.77800407331976,99.05511811023622,99.23922231614539,99.75736027281897,102.44932432432432,102.51524390243902,97.50158127767236,98.38416177972408,100.0,99.1495747873937,91.00768187980117,100.45341055656345,107.54277646662172
2021-11-12,105.83416135380381,100.56818181818181,90.61898211829435,101.01322953014886,99.49152542372882,98.49622381231205,98.51019558884727,98.2977276664694,98.51279151819566,100.10141987829616,101.13861386138613,95.86919308886506,97.84962792910835,99.15254237288136,99.90310077519379,89.54668436511523,99.26931106471815,107.49957855697909
2021-11-19,103.67212580240658,99.00846455237672,90.13353115727003,100.13333333333334,98.35873388042205,97.88443616029824,97.18574108818011,96.53356790842528,97.88606516000364,98.42471131354904,100.39924471015986,94.94801625534227,97.085881427207,97.47311827956989,100.94817463238516,94.0,97.89473684210527,107.70661244099797
2021-11-26,103.99237042883453,97.64150943396226,89.28384736016727,98.80478087649402,96.3539010708822,96.18780096308186,95.46400332917186,93.93564356435643,95.77777777777777,97.7845148468159,98.24052080584147,93.8212927756654,95.54075888691484,97.05882352941177,98.39901477832512,95.29411764705881,95.97611385253522,104.569495954147
2021-12-03,102.54875655167169,98.08917197452229,87.25361366622865,98.62475442043221,94.80160397898017,95.87854497839152,92.87991498405951,94.25067075507857,94.53860640301318,96.11650485436894,96.33656103535435,94.21590659516107,93.82477365811597,97.89915966386555,96.58623844441712,92.5770308123249,95.62710204081633,103.14080411328388
2021-12-10,103.80358114787786,98.54014598540147,87.05830388692578,99.21875,95.48872180451127,97.29130029538585,93.19422516179503,94.97435897435898,95.39219876635275,96.55172413793103,98.98843930635837,94.4801937381076,95.98985302158042,98.8044616673649,97.87626962142197,91.34117647058824,96.68014354066986,104.069032366824
2021-12-17,104.3403645572995,96.33867276887872,87.46355685131195,99.26326129666012,94.89001692047377,96.75598236832168,91.68618266978923,95.11811023622047,94.98369762106026,96.65787159190853,97.08416169648774,92.50996015936255,96.40119203194604,101.70542635658914,97.56594861401673,95.43605964753728,97.23684210526315,104.54262896156439
2021-12-24,103.51928031167077,96.89213893967093,88.42756183745583,98.82460631823012,94.20646891235126,95.77603143418467,91.62112932604735,94.07411551685553,94.50915141430949,96.17201292215827,96.26459143968872,97.07317073170731,93.85770259817659,99.30386740331492,97.0873786407767,91.95046439628483,96.0,104.6643206338503
2021-12-30,103.37996848886142,97.70725739192414,87.13850837138509,100.05881383855024,95.65610859728507,97.4989749897499,92.16696819966393,96.02927436935533,94.66579868595767,96.66944213155703,97.19934102141681,96.34146341463415,95.00207612083562,101.95121951219512,97.9679616688195,91.95046439628483,97.08108108108108,104.95669672960216
2022-01-07,102.33776021039841,96.51060001929824,85.17350157728707,99.80353634577604,94.33719433719435,96.28928856914469,87.99509803921569,96.55469422911284,95.23396180709759,97.48650276528008,97.52941176470588,97.2211687182494,96.605222734255,107.5179680242507,97.19204785286973,92.50474383301707,96.90064238246558,105.13317599460552
2022-01-14,102.69440178696078,97.29989544609666,86.2803525011095,99.79797979797979,94.01334559430336,96.5965965965966,86.5004965639769,95.71817260574427,94.8051948051948,99.0144954150692,95.44284747518427,97.6235741444867,97.44094488188976,110.00000000000001,96.28535867700577,91.98292220113852,96.24134629624291,104.18387559002022
2022-01-21,102.83280400495237,94.91969925076043,82.64462809917356,96.68386437686257,93.20610687022901,94.34189406099519,84.6000651504383,90.92268396002365,92.64919941775837,95.44076692872906,96.23049403891103,95.2522846239035,94.73936304595406,104.73372781065089,92.53208868144691,91.95046439628483,95.54753309265945,101.52457012811868
2022-01-28,102.8833657595029,94.10122858524048,78.52659608191213,96.25360230547551,92.40069084628671,93.49809885931559,80.89540361599185,89.20418849863017,92.76306540915472,92.94478527607362,94.44444444444444,90.7275207817755,92.1870051485783,107.9646017699115,89.78590544157002,91.88804554079695,96.14999417988537,98.8752739379636
2022-02-04,105.95986537118182,96.81528662420382,81.55709123185191,98.68353831598864,94.93775933609957,94.65454978372158,85.59856965174129,90.75741678615165,94.10202274739495,94.80868308620256,98.00039082023397,94.76309226932669,95.35076587895611,112.04481792717087,92.42424242424242,95.44592030360532,95.82278481012658,101.70262980445044
2022-02-10,103.63416509825349,96.76470588235294,83.67232430915978,99.332666509767,96.03340292275574,95.28842233339589,86.18804664723032,92.92267365661861,94.5945945945946,96.7556270860709,100.59589358609993,95.91598599766627,101.03770334367003,116.42857142857143,93.42813220599538,95.86725663716814,96.57320872274143,103.39103590694538
2022-02-18,106.66417354040394,96.86527781348829,83.6734693877551,99.44715366242039,95.51434382503803,95.32973854899689,84.38485804416403,90.47166000080799,94.11764705882352,95.50102249488752,101.10518292682926,95.75005213162903,98.47970937407803,113.56804867057232,91.81003083690487,93.15560463832136,97.26678709761416,101.37337744436951
2022-02-25,104.28835357234416,95.44384729429206,80.87272727272727,98.94439789708224,93.28571374452109,93.32894736842104,83.25320512820514,88.96982569502613,92.5583499823716,92.74486094316808,99.34621323390954,93.52281062050756,99.84179710360925,108.20642310423736,89.46883585502638,94.39823008849558,96.58605974395448,98.84103169251517
2022-03-04,112.35159581250444,94.41672822702787,79.85692242951326,97.87899235267656,93.15659679408138,93.18296454913158,83.85848535102267,87.68248175182481,90.90291262135922,90.564005248944,97.65494137353434,91.66666666666666,102.50494700188678,107.44186046511628,88.4028484231943,94.21176470588236,95.93540909330383,97.19213587322994
2022-03-11,104.86306621602233,93.83333333333333,79.93256109001287,97.13051033473567,92.36447526194782,91.72932330827066,80.14981273408239,86.44549763033176,88.56353591160222,86.97142857142856,96.31580759563406,90.7353340575774,98.81796690307328,105.11111111111111,86.00225113830862,89.95680345572354,95.14275657364252,94.80044672960216
2022-03-18,107.35666287993718,98.94765878963182,82.17141254032823,99.85961227951847,95.29860228716646,94.04255319148936,85.69974979665179,90.13452914798206,92.2879177377892,90.2874313145703,100.78781629329711,94.03225806451613,101.90922288254775,110.03427895981088,90.938861207734,94.02697495183044,96.31838204520615,100.5810645650708
2022-03-25,111.96430125432472,100.36676543813292,84.14545454545454,100.74785485405215,95.48916227299355,95.15608180839612,87.4410509871276,93.22274189252276,93.47994739299584,94.95472186287192,102.17821782178218,94.29657794676805,104.95468786532618,111.0749438115167,92.69005847953217,94.9244060475162,97.37894046141653,104.38458782872556
2022-04-01,109.59765410930713,98.0505876643744,82.53968253968253,98.8961038961039,95.92382562330582,92.9534582488075,88.28185477295938,91.26186873984963,91.54153702785169,92.69076206812056,99.41057446995688,92.14463840399002,101.53458292228434,105.37084398976981,91.81818181818183,93.64161849710982,96.01100412654745,102.42487778152393
2022-04-08,108.33304336507518,97.11538461538461,82.05813396526081,97.7810650887574,95.2076677316294,91.87885841679918,88.15533980582524,88.45519516217702,90.44222539229672,89.44512946979039,97.27781018479939,89.1566265060241,99.54914337240758,102.66129032258064,88.40924541128484,91.46757679180887,95.09666242442862,99.92361345246123
2022-04-15,111.50429732958564,96.64218462016743,80.46009257960444,96.89532072103859,93.9068100358423,91.09874826147427,86.92051145023059,87.45771532656778,89.50617283950618,90.15151515151516,97.59229534510433,90.36690981613529,98.8425925925926,104.514111694907,87.81510161151995,91.90985218076963,94.34655243645548,99.898326871207
2022-04-22,112.47668977391496,95.24447421299396,78.27903091060986,97.25720140515222,93.48697394789579,91.22090160571163,84.54773869346734,88.67932702972493,90.17532112181046,91.53765309834674,97.49505738097773,89.39828080229226,98.61111111111111,105.82172271318962,89.8414339882799,90.84286208032027,94.9685534591195,100.36402140930547
2022-04-28,112.14702808310362,96.59574468085106,79.06336088154269,97.91666666666666,93.9464493597206,90.8745247148289,85.20710059171599,88.78968253968253,90.47173828881147,90.97509325517088,96.78972712680579,88.82521489971347,99.07407407407408,106.14973262032086,88.31058846302747,87.89671866594944,94.62140992167102,100.07269892110587
2022-05-06,115.09909826315456,97.10368594546,78.21428571428571,98.96925858951174,94.31266167815414,91.28267785874027,85.60477001703578,89.26503340757237,90.31817541162923,92.62881198403586,98.9821882951654,89.45578231292517,99.71356805133402,107.57861138185683,88.7464198578551,88.0,95.45784853714729,100.93086227242077
2022-05-13,111.22074059181877,94.48598668787676,73.5,96.8306527909177,94.12780656303973,91.09336609336609,82.56880733944955,87.55205299526011,89.43578371008783,91.44872799828974,98.22005758069115,88.11787072243345,96.61219609406137,104.63865787209636,87.85529715762273,88.34294999015745,96.1844786267037,98.2067599460553
2022-05-20,108.86922852041884,95.95744680851064,74.22222222222223,97.44559360630397,94.82013360482978,90.73482428115017,83.57695614789338,87.46087928464978,88.58773181169758,90.88265589891938,98.46257079433138,87.6518412242946,95.97394346232508,101.12903225806451,88.59581070597362,85.43446893787575,94.87603305785125,98.90056051921779
2022-05-27,109.23247643703493,97.23404255319149,73.10215023099299,98.16926288742572,94.88817891373802,91.73592655805042,83.32230290407894,87.46864931165788,87.97909407665504,90.67238077524507,98.14368427271653,88.17518248175182,95.71058763033122,103.17003397103521,88.26829063439482,86.93333333333332,93.68836291913215,99.42367666891437
2022-06-03,114.8871108443002,97.66117077597943,72.62305367022186,99.47976330251714,96.9768504416692,93.6624649859944,85.8288770053476,89.47368421052632,90.36511156186613,94.7935368043088,99.85732197673917,90.20912547528516,99.14308489438022,104.20168067226892,90.527950310559,86.93333333333332,95.9106835443038,101.83854517869185
2022-06-10,118.9270879256598,98.22870658338343,75.09838590087264,98.69903728112683,96.5625,93.20699880311957,86.73139158576052,90.42553191489363,90.51724137931035,95.08716323296355,101.3373253493014,88.09938236945536,99.04139424313604,105.60224089635855,90.59080962800876,85.86666666666667,95.79687694786756,102.36271493594064
2022-06-17,114.62472289706622,94.97722412318221,71.52777777777779,96.19686800894854,94.63007159904535,90.96830363734365,81.85185185185185,86.6009006978035,87.09876776059349,90.44590987596169,98.06629834254143,87.00729927007299,96.05185621685328,104.53269605798606,86.51685393258427,86.05935127674258,95.50983843650198,96.7159052596089
2022-06-24,110.03313900952702,98.70967741935483,79.11111111111111,96.92743288590604,95.919664097532,91.60030164440127,84.72707003141787,85.97896246712887,87.41095516940888,91.65805216945176,99.67784687350257,89.78102189781022,93.5771632471008,105.53223078140022,86.86459961856741,87.99171842650104,96.47602541883305,98.33951449763993
2022-07-01,111.65323362317751,97.96875,75.63904945407836,96.9408742469756,95.8108108108108,91.14877423596334,84.03193612774452,86.95315921394695,87.31117824773413,89.55699681213586,99.16534619559224,88.08777429467085,94.83282674772036,105.88235294117648,85.88180657146175,89.76109215017065,97.07874368881602,97.19740391099123
2022-07-08,109.16178902969418,98.29545454545455,80.02890173410404,97.49235474006116,95.80750951613902,91.86577502392826,85.90455049944507,88.6140724946695,88.32197329228089,92.68571428571428,98.38709677419355,91.25475285171103,96.00440900321033,105.4945054945055,87.3116908090989,89.57902001380262,98.28641370869033,99.43052511800406
2022-07-15,105.55054017864623,98.86363636363636,81.22647705779588,98.80952380952381,96.5395245992261,91.98012775017743,85.20065288356909,87.53462603878116,87.85079612820196,90.57211012194095,99.67666094223934,90.73170731707317,96.26865671641791,103.74149659863944,87.68769587137211,92.89760889863192,97.911227154047,99.69761463250168
2022-07-22,108.32212122735187,99.97546653796655,82.14868646043837,99.55555555555556,98.26375979869346,94.40288965605421,87.51558603491272,89.87808768093004,90.2439024390244,94.12086908891727,101.1697979439915,92.4390243902439,98.99834211382685,106.9204221277954,90.9189604123259,91.59420289855072,98.39077699051278,103.04123819959541
2022-07-29,108.18137304988468,100.37810655456612,79.07712327355185,99.45750452079565,97.56403337622982,94.0,87.85577119842935,90.1516428301929,89.34999549468372,92.90103724661998,102.64391898633143,92.99566431367657,98.24649097861703,106.76270508203282,90.22564424240127,93.3367921081476,98.76543209876543,102.21626348617667
2022-08-05,104.97733850473043,100.42396257954087,80.04247517188693,99.32721712538226,98.2086406743941,92.21391043864078,88.59332732191163,89.76030454052517,89.51674277016743,95.52626323147594,102.13103203096905,91.40535584626555,99.29498431699807,104.7214780279044,91.43968267521561,93.75201288244767,98.43243243243244,102.5776508766015
2022-08-12,107.94245795383128,100.66555740432612,81.71580298786182,99.63391103003087,98.44886088221038,94.62003943163268,88.78570112400959,90.3018018018018,91.1316271688717,96.74998899793161,102.62096774193547,91.95121951219512,101.24219446922392,106.85550082101804,93.66172075086013,93.49112426035504,98.71865222623346,103.94786749831424
2022-08-19,107.58550519558683,101.16017964071857,79.64616181172957,100.84033613445378,98.31401475237091,94.44444444444444,89.52095808383234,91.79387719421851,91.30201279596507,96.66666666666667,103.12514831614561,92.6829268292683,101.90359179711199,106.71471630389766,94.46610992240974,95.79436129481378,98.36587750541239,105.0720667565745
2022-08-26,110.34848527485173,102.24171042274853,79.02727750015721,101.13882863340564,97.66363351626812,94.46666666666667,88.97058823529412,91.13418530351439,91.32072381888152,96.56250798377002,103.31491712707181,93.40974212034384,101.07810521204486,108.70185449358061,94.4055944055944,97.6,98.56323331231532,104.28554871881322
2022-09-02,106.8545846660851,100.38610038610038,76.55916568441552,99.8644280794594,95.81894109211547,93.71468926553672,87.53411158277744,89.33333333333333,89.9738773595937,95.0432254161544,102.4438838583755,92.33296823658269,100.28249025678406,105.8347048496818,90.40650406504065,93.1740614334471,97.8091388531907,101.68208445718139
2022-09-09,107.08083979776566,101.01047904191616,76.25258498188106,100.59171597633136,96.14716763092531,93.6952714535902,88.04418453541261,90.32509687484273,91.60671462829735,95.2857452852521,101.80766449746928,92.19512195121952,101.8527808713414,107.00791065611912,91.57115970667641,96.89957839791207,96.22546552591848,103.54486260957518
2022-09-16,104.07882620916934,101.56862745098039,77.16018557259095,100.0,96.42553191489361,93.2909604519774,88.11316783829157,89.01401616904232,89.1923076923077,94.3010752688172,104.70737913486006,91.96787148594377,100.24252223120453,108.21116133578536,89.91304347826087,96.23188405797102,96.19834710743802,102.124072825354
2022-09-22,104.19554946893166,101.32219010239818,74.18727440802178,99.52229299363057,95.95250944414462,92.8373565492679,87.07664884135473,88.56345885634589,89.4024549052979,94.07407407407408,103.82842963488126,90.66852776961505,100.57050430888594,108.84450784593437,89.7899649941657,94.63529411764706,95.99628993415881,100.94192515171949
2022-09-30,99.07647337466818,99.13007456503729,77.18587805851823,97.42729306487695,94.95161052009456,90.93864177573829,85.65298096008235,85.73386120913915,87.14251308342398,87.65432098765432,101.37382501807663,87.36711314170338,94.98787388843978,106.41459996782898,86.2315509444001,90.375,95.69560607263213,96.71801247471342
2022-10-07,102.00551782682513,100.99833610648918,76.479370193307,99.55860716037273,95.99499801057237,91.96141479099678,87.05199620282639,88.23512974051897,88.61439312567131,91.46183699870633,102.21025267337029,89.06942392909897,97.55434263208016,106.98745870957858,88.91992551210429,89.30193401592719,95.54423933800126,100.45094403236683
2022-10-14,100.21011359266103,100.0,76.83632327625261,98.88143176733782,95.8904109589041,91.94139194139194,86.09794628751975,87.32037193575654,87.88590124485722,90.36640024728429,101.49253731343283,88.46163876284358,95.83333333333334,107.48299319727892,87.53877973112719,89.2235294117647,95.18794637263501,99.99736598111936
2022-10-21,98.57098525140154,101.59963436928703,73.03498856009028,99.37337662337663,95.83719358549172,91.04996882406823,86.80898876404495,87.01421800947867,87.95602198900549,90.91621426452411,102.03574627636529,90.66511085180863,95.55007340970607,107.9000039322087,87.4037222800398,89.97647058823529,94.60925039872409,99.14341706001349
2022-10-28,99.20064206586686,101.17647058823529,73.83714544933628,98.60997547015535,94.92753623188406,91.16716915425204,86.79311556023885,86.70197351658194,87.5,90.87523277467412,100.54102795311091,90.80071546315921,94.81437831467296,106.75371432453153,88.44071462117654,90.75715526649887,92.46263807667316,100.04267110586649
2022-11-04,100.18406435354112,99.65237543453071,72.57003290276201,99.21700223713647,94.5209072104019,90.24878064167623,85.87864563672471,88.62875244495297,87.86764705882352,91.68486669214307,102.24498293327966,91.45673603504929,96.29204324032114,105.83852914468723,89.13561289957175,89.06666666666668,93.09309309309309,100.90399527983817
2022-11-11,100.44715580610767,103.13659117533301,77.68149362114724,100.64102564102564,95.76027865490414,90.96820809248555,87.49445117029862,90.3066002487245,89.59156635627224,91.30434782608695,102.52707581227436,92.76546091015169,100.0,107.72325115017105,91.76788124156545,90.93333333333334,95.3953953953954,104.18914362778153
2022-11-18,99.48364662770811,103.00573272846276,79.48337624561032,100.62604306873237,97.50083941774037,92.606185127911,88.10397544370704,91.05851328630604,90.17624392436986,90.99872192806279,102.55863539445629,89.37370650600315,99.23124231242313,107.78814091103996,92.20654917049896,89.625,96.59714599341383,103.6238831759946
2022-11-25,101.32114393093768,104.41401495392107,84.47802197802197,103.44827586206897,98.5783611103304,94.944881231181,89.75171796967516,93.44262295081968,92.27087765883167,92.4890743580656,104.11571745947725,91.59859976662777,101.82334601176058,115.46197895320176,94.25087108013938,91.27938342967245,97.8409090909091,106.3090020229265
2022-12-02,99.3537717265897,100.96153846153845,80.3103442299026,100.95969289827255,96.71848013816926,91.86851211072664,88.92086330935251,91.71597633136095,89.38871865154786,89.99340379035382,102.2867365706012,91.37931034482759,101.67854305438986,110.33661666636657,91.47286821705426,89.33333333333333,95.45423832923834,102.93640424814565
2022-12-09,99.72727443274019,102.12314225053079,81.3131868131868,101.45105227265788,97.49245852187028,92.16944801026958,88.54613394133507,91.68026101141925,89.51965065502183,90.44951244279375,102.35141893612693,93.10344827586206,102.30187438342651,110.42618289996422,92.03165075290215,89.0,96.18937644341801,103.33572151045178
2022-12-16,100.92651652299524,102.31906656629744,77.08586348282921,100.31847133757962,97.05062494380002,92.74824676009422,88.6202717356637,91.20879120879121,90.27777777777779,90.2462862825533,101.85792349726776,91.69451522343671,100.8507631617436,110.16973884882604,91.51943462897526,87.80341296928327,97.28867623604465,102.73779922454484
2022-12-23,99.46541411450566,99.96183206106869,76.00997425997426,99.52015355086372,97.1643494298286,91.98949441891004,84.96124031007753,87.26879654095605,87.58782201405153,87.1927554980595,99.68720675633406,91.1318553092182,98.1158137789862,119.7609561752988,87.3116574147502,90.4,97.27827827827828,99.98419588671612
2022-12-30,101.31352262316815,99.0073668205606,78.44501359289058,100.89506821574248,97.02070593283983,92.18415417558886,86.21089223638471,87.86591123701605,87.64044943820225,87.57142857142857,101.43441379278148,91.59859976662777,98.76137235558478,122.0611153868312,87.99630655586334,91.73333333333333,96.57320872274143,99.65599713418746
2023-01-06,100.96335284388121,97.30070906746884,75.19584609098928,100.81766148814391,96.94248338870432,91.66370212261354,84.97560975609755,86.99861750498164,87.30255164034023,86.9414076228791,98.92539020886635,91.04477611940298,97.41313164529213,120.5502925626598,87.12878939318571,89.60000000000001,95.5328187134503,98.81574511126095
2023-01-13,100.92976046425099,97.74193548387096,73.90920475284435,101.38888888888889,96.68789808917197,91.17291271347248,85.26764518957103,88.82314266929652,87.22714066231612,87.71021992238033,98.79032258064517,95.53763643917361,100.73725283044898,130.13692156205596,88.7189292543021,87.8635838150289,95.61200923787528,100.25497302764666
2023-01-20,103.5868666291473,98.99960010663823,74.41835135395968,102.51050420168066,96.82824655894674,92.04819277108433,86.8780487804878,89.64757709251101,88.06818181818183,90.26831394536124,101.41129032258065,95.565749235474,103.33333333333334,125.86750788643532,89.82308544929717,87.6740614334471,97.50778816199377,101.50823921105865
2023-01-27,106.745430957722,100.50234427327527,78.01585298430325,104.37828543355438,97.31543624161074,94.20741895956333,87.79576587795765,91.90562678305156,89.79206049149339,92.41062512482524,101.56241992303698,99.09297052154194,106.5040650406504,127.16763005780348,91.09797729090565,90.55337186897881,97.41361789983813,104.44727747808497
2023-02-03,107.14050746292318,100.52461768688974,76.70206192936948,103.43511450381679,97.05557416802273,94.33724247852456,87.77978158501152,92.36646284303335,89.5782760663013,94.78733344745928,102.85110876451952,97.50566893424036,104.92332526230832,124.98747302736652,92.02148062907557,90.93333333333334,97.67441860465115,103.79404079568442
2023-02-10,104.93168565094817,98.91688250529785,76.06078361268877,104.14956156757601,96.88684527911785,94.39736346516008,88.25572172765402,91.80327868852459,91.80247819146544,94.02836029558618,102.83440610893415,101.13085621970922,106.56534954407294,127.70483193277312,91.79536679536679,91.32947976878613,96.66840187402394,104.67380310182064
2023-02-17,106.40068856002176,103.00258348483399,81.17773351040285,104.45859872611464,97.22505649416905,95.26574319677768,87.88540778630292,92.52238116090109,92.55952380952381,94.84702093397746,103.42798353909465,100.76142131979695,106.85579196217493,128.58766011872217,92.82700421940928,91.73333333333333,97.10060039208963,104.93562457855698
2023-02-24,108.94201981542642,103.59973440771321,81.51283753873395,105.28255528255528,97.62611275964392,96.84698608964452,88.86810102899906,93.23639679805453,94.84212206972552,94.57917261055636,104.94380454759774,98.47715736040608,110.4763957749515,131.43709573734856,93.68476097640226,93.375,96.96502057613169,104.74966284558329
2023-03-03,107.18507289821501,104.93827160493827,80.96532091097308,107.64353233830846,97.08515616675152,98.1103957198225,88.9185747690598,97.61904761904762,96.78274034822104,97.48031496062993,105.51440047611429,101.60642570281124,113.95018388498828,130.92702650887986,95.05050505050505,90.625,97.13975380159306,106.38907619689817
2023-03-10,108.20716077683288,104.21574705517669,78.46132612738262,108.07125521624499,98.3419907342412,99.25296281916172,89.52248408604979,96.92639205631968,97.07338638373122,99.58915199352359,106.52930624441362,102.08728652751422,111.0584177624488,128.32319570559633,96.05755047224852,93.87283236994219,98.24837725187541,107.02440155091031
2023-03-17,105.05731915594103,101.62310823936238,79.14217807264248,104.90196078431373,96.8075117370892,96.2035375544732,87.90243902439025,93.88794567062818,94.07265774378585,94.05405405405406,104.77815880433666,98.69281045751634,105.77507598784194,116.95724785593842,92.36706689536878,91.29486404833837,97.66727171286709,103.22298550236009
2023-03-24,105.77326203483648,102.63591433278418,78.4813322269928,104.59290187891439,97.46256012500353,96.61424042916363,89.27324797443643,94.82926829268293,94.42451927917045,96.25692621755613,102.60127931769722,97.8225806451613,105.63295464448042,115.72734077724407,93.59416954353664,92.32875722543352,97.72499182918787,103.006995954147
2023-03-31,105.17814335833408,104.68557336621456,76.83040392903575,105.2988262258647,97.42738589211618,97.57056091461236,90.37154195102414,97.07927677329624,95.05338115613726,98.479979556308,104.97765278880573,98.65429795467108,108.61527332508788,117.60524876981957,94.42013129102844,94.125,97.5710305722947,105.54513654753876
2023-04-07,103.94771700772655,104.11861614497528,73.8364468044271,104.4776119402985,96.80962343096235,97.04883363240195,88.0,94.63768750109394,93.66197183098592,100.10565240359217,104.3909465020576,98.28924615125719,105.16717325227964,118.2292650285264,92.44712990936556,91.85185185185185,96.44808645328266,103.54012137559003
2023-04-14,107.11073509304158,105.7114717255511,77.29068511974873,106.30450783543448,98.82650259760374,99.88801791713325,91.10169491525423,96.44194756554307,95.40229885057471,99.79716024340772,106.86900958466454,98.46774193548387,106.73758865248226,119.48529411764706,94.67437620733187,96.59888002142162,99.09502262443439,106.34693189480782
2023-04-21,106.67819702736958,106.0199508713415,75.47488226059654,107.46712705694637,99.39524838012959,99.49794127510526,90.10847771322811,97.78368794326241,96.14112458654907,101.206172124022,106.4192601172157,97.6062091503268,108.23663082319183,121.95288579310635,94.60475311935511,96.37462235649546,98.64653826132222,107.20772926500337
2023-04-28,107.6455457062831,107.89149198520344,73.719966105415,108.51528024764538,99.8488120950324,99.09706546275395,90.36253776435045,98.70892018779342,95.82707408671902,103.88244313193722,107.97515335041541,96.40522875816994,108.88473678380635,122.11134453781511,95.32584494295645,96.49405840886203,100.19723865877712,108.38882333108563
2023-05-02,110.43749372960924,106.12903225806451,73.76434574150198,109.34356889479292,100.10405827263267,101.27357721440863,90.88201226668299,99.59555738550782,96.69411363042998,102.40741566420843,107.86163522012579,96.40522875816994,109.88887769037538,121.72949002217295,96.48562300319489,97.88519637462235,100.25316455696202,109.33970414699934
2023-05-12,106.60516795327317,107.4553766944038,72.72662495362874,107.92520035618878,101.55385292637934,101.74496644295301,90.86651053864169,99.44819129368486,98.0,102.96610169491525,110.22364217252397,94.9919224555735,109.41278065630398,120.58823529411764,97.2138780654779,99.73333333333333,99.98143868226653,110.4386168240054
2023-05-19,109.18333334247052,108.00068871470413,72.36293384616468,108.93002288305826,100.62749184487132,101.02183000464468,90.99485420240137,101.53953813855843,97.71428571428571,100.4268770280855,111.51832460732984,96.07843137254902,106.50118203309692,121.00061766522545,99.12891986062718,99.73333333333333,100.23403543965227,113.87864548213082
2023-05-26,106.83983818417158,107.12035286704473,70.53233136277399,107.58620689655172,100.63348416289593,100.10695039094001,89.6607740086001,101.66896148871365,96.8944099378882,99.85714285714286,109.25925925925925,94.6392558100246,107.25806451612902,118.27295328611794,99.00734746352987,97.86666666666667,98.91402714932127,113.04366149696561
2023-06-02,106.02730518752512,110.00000000000001,71.665469348659,108.19672131147541,100.63462217761739,99.74518686296716,91.28218319575333,100.9256905609219,95.70291777188329,99.85714285714286,109.26334161637676,95.42483660130719,107.37327188940091,120.54508298569976,98.31271312885944,97.10144927536231,99.28400954653938,114.98546021577883
2023-06-09,109.663885125893,110.15549480817803,73.61111111111111,110.13166533057677,100.88047545674664,102.05777601899486,92.78792129032341,102.78518648695041,97.58895131086143,101.19653741004784,111.49596536561039,95.92002999569506,109.58885631553387,119.88950276243094,99.24213417328599,98.93333333333332,100.20671834625323,117.17801753202967
2023-06-16,117.40172166427544,112.51604154857264,72.72089243498817,111.8279569892473,101.69491525423729,103.32770764815982,94.47513812154696,103.22653715531223,99.25729442970822,104.0404760208081,113.03439305742124,100.44503435352905,112.6232741617357,120.48440865249555,102.84463894967178,99.8389694041868,100.30090270812437,121.18383344571815
2023-06-23,114.4321643771631,112.27741258462731,72.72607318789585,112.1,103.02627964472117,103.34417092429169,94.31104759832508,103.43784994400895,98.33068783068782,103.62941738299905,111.96632591701743,100.79637726420987,112.2200772200772,120.72340425531914,102.40700218818381,102.09339774557166,99.76133651551312,119.30683159136886
2023-06-30,122.10614525139664,112.25062231682239,70.43696149112009,113.55724704076073,103.33333333333334,104.76190476190477,95.12318529643139,105.46394638309539,100.0,106.48833238474673,113.52840350251863,101.49253731343283,115.3861003861004,121.92711550339716,102.80869393973005,100.8,100.38277511961722,120.56431220498989
2023-07-07,123.96787709497205,111.4490161001789,71.24512167125803,113.00089047195014,102.7479311337582,103.83230885308447,93.2,106.60744403996001,100.75700227100681,107.82533657857702,111.8575293056808,101.5228426395939,114.24619640387274,125.49889135254988,102.79430783384962,100.1610305958132,99.42583732057416,118.78898347943358
2023-07-14,122.18742478957527,110.20818820194039,72.05815018315019,113.33073126962765,103.43144171779142,103.36605890603086,92.86908077994428,104.83681405090466,98.14077025232405,105.59345156889495,110.77547339945897,99.22528032619776,113.5933806146572,124.5380635624538,102.08545269582909,100.0,99.51573849878935,117.95663351314903
2023-07-21,125.11904833696903,112.59720062208399,70.83333333333334,115.38461538461537,104.8265460030166,105.06615329646596,92.93044469783352,105.23925121884446,100.95238095238095,110.3457168914651,113.49111546748816,101.75246440306682,115.01182033096926,127.22063037249282,102.79008359502852,100.0,100.68640235566303,119.17355023600808
2023-07-28,127.22229501510103,111.06382978723404,70.36818658280922,115.36423841059602,104.32575571940926,105.92785635907225,93.0013458950202,107.76757671583024,101.0958904109589,110.62959934587082,115.03497387453481,101.89516129032259,117.87633025845024,133.55506282335548,104.48993067018819,103.38216318785581,101.28551047918255,120.67019976399192
2023-08-04,124.94205199531375,111.3385018811994,70.12656147271531,115.07607192254494,103.74581646522367,106.17174039523647,92.4223602484472,107.0458404074703,100.99585062240664,112.82656695483875,115.4275092936803,102.35933964844234,115.44401544401543,132.19653179190752,103.27351966424001,102.13333333333334,100.74637932106162,119.82836732973703
2023-08-10,131.9435511799337,111.50655384104864,70.60304314651256,115.85998918286961,106.9139228480712,106.42406360134416,92.21183800623052,108.08752328801255,101.0365420325073,113.93098411539162,114.98396416324907,102.82635852592131,119.63390170511533,131.38326954620013,104.57860192682091,105.50502846299811,103.47826086956522,121.34977663519892
2023-08-18,126.45294716532092,107.25119762966244,70.98443223443223,115.51551551551552,104.64085540478516,104.20841683366733,88.3308075340983,104.50569530265925,97.29900412922031,109.53677172874883,113.0890052356021,102.50318346556959,114.761235665294,131.4579020722654,100.77514473703077,102.09339774557166,102.79301016304746,117.8612820296696
2023-08-25,129.17403338653864,109.56022944550669,73.7058533221676,116.96229538469656,107.20268006700167,105.73596229832259,89.72222222222223,107.45562130177515,99.68968192397207,112.90822624519276,115.42456256788583,103.77622377622377,116.99070160608622,134.21965317919074,102.73619816203077,103.27102803738318,103.48228382595926,119.39480782198247
2023-09-01,139.4307201735798,112.33739085824314,73.2913289429247,119.80697614375711,109.16395446066764,108.38731108866271,92.27340267459138,111.5978258428228,101.73010380622839,116.12050659790687,117.31607018233487,105.66433566433567,125.74053540313639,143.5374149659864,105.83333333333333,107.89049919484701,105.05506411628932,123.78571729602157
2023-09-08,142.90979326567236,115.29491497576603,75.051510335857,120.37914691943128,109.35194652383437,110.25390625,92.3076923076923,110.41666666666667,102.14285714285714,117.41221005806952,114.92945644687835,108.62068965517241,124.21379887600143,146.04820022203842,104.9572028978303,108.21256038647343,106.32472040107983,124.2740643964936
2023-09-15,147.88056758154295,117.60963960052106,75.76419413919413,122.54495159059475,109.40033453017544,112.15066828675575,91.37055837563452,111.23595505617978,103.37465564738292,121.38728323699422,116.17199875818918,109.97586484312147,129.04195715274113,156.5169769989047,106.55076801488383,115.16095534787124,106.68257756563247,127.92797538772757
2023-09-22,145.4265479727058,118.26923076923077,74.10454574272491,121.35145626993453,108.0262400965991,112.20619448295676,89.98220458140489,110.74177746675997,102.91537667698658,122.08163917446255,114.4901610017889,108.60829152105352,131.284650720735,157.72179627601315,105.6640625,111.87904967602591,106.43148713993295,125.18280091031693
2023-09-29,139.81701629338227,117.59082217973231,74.16386123967118,121.2494551596382,105.52369960922472,111.03678929765886,90.45764048283368,109.22020034923261,101.6692546583851,120.43785145005126,113.70909643223102,107.06462807192206,124.34658640899731,148.60152273614835,103.84313725490195,110.04319654427646,105.30060898733178,122.39706254214428
2023-10-06,129.6185753306236,115.40184045226474,70.48421478737525,117.13030746705711,105.40643627005333,107.45243409863944,87.98449612403101,105.5175643526159,100.48622366288494,113.68421052631578,109.58593263876702,105.69451856083096,124.0,146.9233920159574,101.89248491497531,108.53131749460043,104.16706447289789,119.27258934592042
2023-10-13,135.70637187635887,113.46153846153845,68.39422550629448,117.70888071466106,104.76190476190477,107.18446601941747,85.91353994560212,107.58426966292134,100.41529755385179,113.80983904314522,107.873033501355,106.89655172413792,122.68244575936885,145.72013107863827,101.9235039887938,107.9913606911447,103.36760449084011,121.62582181389077
2023-10-20,134.85901465185253,112.5,67.17171717171718,117.66917293233084,105.35714285714286,107.421875,84.54223823865954,106.48521672726065,99.8567250443926,110.86905603759536,109.22017397713574,104.80349344978166,120.11299435028249,146.59997580944514,99.46018893387314,107.42334588488434,103.06893033671255,118.8284937626433
2023-10-27,133.01164961580224,113.64864864864866,71.38193688792165,117.26504751847942,105.84563712785268,107.67276422764228,84.40348405121385,105.32165712361063,100.69204152249137,113.59550561797754,110.5579399141631,101.80058029237809,121.4647979809003,150.17162781580146,99.32721712538226,106.11396808319884,104.17477578899872,118.77581338503033
2023-11-02,133.6646295896075,113.78416376110674,72.40963855421687,116.98880976602237,106.54797827398912,107.57624733799818,86.03736479842674,104.68236147966705,100.87291896389601,114.1394634858322,109.61287146130772,105.50564172036287,120.38650403928403,153.89129092032118,101.63360560093349,108.0,104.7403736585079,122.34438216453134
2023-11-10,147.21179959744512,112.5937672366244,72.33333333333334,118.1129957800411,105.29411764705883,107.75722347893006,86.69724770642202,105.86734316661122,100.32996894409938,117.80869366345253,109.96108949416343,109.73413114551846,120.53354890864996,145.8781552881031,103.3002291825821,103.66508279337651,104.31293881644935,123.09929197572487
2023-11-17,154.29742220709468,114.7056034362536,72.44897959183673,120.12212349054454,105.44449167854776,108.76993166287016,86.43101482326112,107.39467404312649,98.96694214876032,122.72211578767798,108.6736026926971,107.69481510250507,122.65406380200234,144.17752718982038,103.41132802153355,102.09287590781348,105.44747081712063,125.9614168914363
2023-11-24,157.8704079258309,116.25239005736138,73.91111111111111,122.61103633916555,107.19322990126938,109.39985364732468,86.96996718504779,107.71653543307087,100.53380782918148,122.6999562937063,110.89351285189719,108.5503166783955,125.23076923076924,144.62631253860408,105.09069374177326,108.21256038647343,104.80194441042048,125.95562204989885
2023-12-01,155.8795208212116,117.33584188440874,73.14465408805032,122.43004282969126,107.77897897897898,110.64513872581104,86.9314910765688,110.21059349074665,100.63241477539253,124.07234207947361,110.04255251684125,107.36532746646526,123.92886014551334,144.5336627547869,105.88235294117648,105.5944055944056,104.76215630502506,125.51205327039784
2023-12-08,147.31601861230524,114.01785714285715,71.80722891566265,119.12828047129318,106.40124902419986,109.29398132908477,85.43916322420189,107.39485047177355,98.05240793201133,117.38241308793455,108.78464818763327,105.03375934410417,121.19815668202764,145.16616265660312,102.75725542206271,102.07684319833852,105.48581924711509,122.45395734996627
2023-12-15,145.17561517771352,117.42647058823528,66.3265306122449,118.61518914279503,106.50306748466258,108.55263157894737,85.92592592592592,108.82265275707898,98.50764359570573,117.69179299286905,112.65462177710504,107.08227849658391,122.06952303961197,140.51345921233366,103.77357219827587,102.74341043571813,104.8118867448806,122.8653910991234
2023-12-22,148.16392958726442,114.64688101126683,66.83229813664596,119.83082706766916,107.7711818672423,109.86229242608343,86.54069581530197,109.84615384615384,98.76004399301287,117.79383003703245,111.8235846105724,108.8811188811189,121.90784155214227,135.68075117370893,102.80898876404494,99.27855711422845,104.74756695475492,123.08401466621713
2023-12-29,149.15908729921077,115.25144270403958,68.94876325088339,121.83067838505906,109.08163265306123,111.59956796235102,87.94811011579637,111.15997800989554,99.65505226480836,119.36471488710293,113.63184079601989,113.56926241913965,127.07373271889402,138.51872571773214,104.63861920172599,103.9798319327731,104.88642804805552,124.662318779501
2024-01-05,154.99829399701935,117.07757065544197,70.6713780918728,123.18352981783835,110.22540368646855,115.9695996045477,88.60585197934594,113.48146997125322,102.19640412424063,122.13284859501627,117.11512593535292,113.64406897534958,129.4930875576037,142.92204033905568,104.22413793103449,109.24369747899159,105.55513179082973,126.0925910316925
2024-01-12,157.2473930346689,116.47624774503909,71.09826589595376,123.15494651560226,110.3061224489796,116.4969912630909,88.93805309734513,114.58494957331264,106.1795596980341,123.57642357642358,117.70564472249427,115.51333622130082,128.69846402586904,141.21522693997073,106.05884850414714,105.66132264529058,106.48124101963705,131.39697825354014
2024-01-19,156.7111391229173,117.09830130882763,67.67241379310344,124.58605117912695,110.49107142857144,117.97747058123976,88.02819970119522,116.4235548352242,104.45365873834595,123.94691209817259,118.27747466874511,122.19816447748492,128.73961218836564,141.95521876873022,107.84313725490196,104.16399465597863,106.59627745573566,132.22932821982468
2024-01-26,157.40967908328304,117.84313725490196,70.4367469879518,124.52316076294278,111.4093899855024,119.01538630023157,90.234375,116.90199741649955,104.81913281935311,128.05529822561107,117.17527670157935,124.03100335017885,130.3324099722992,145.5604075691412,107.61390887290167,106.11222444889779,107.62083217667562,131.5771451449764
2024-02-02,157.67450697156156,118.58974358974359,66.27358490566037,129.39767282683096,112.2873483472481,120.90344432223243,91.1371237458194,119.46737447081762,105.03018108651912,125.50240681020584,119.69583067884196,120.91197755506148,131.77041228779305,147.64705882352942,107.25368502715283,107.66738660907127,110.49815804627737,133.79130141604853
2024-02-09,162.23167760004952,118.5185185185185,66.19685258398239,127.0358306188925,112.26753389809416,119.97377264158675,90.74074074074075,119.45670628183362,105.99051166682243,128.42122486799724,116.18996222342149,121.68071201307077,130.05540166204986,146.14264919941775,105.77200577200576,105.45317220543807,108.80930263108507,134.75008428860417
2024-02-16,168.08881567373362,116.05532170775707,65.76568610536002,128.1954887218045,111.39896373056995,121.87938288920057,89.41489673924363,119.49724095646843,105.62888198757764,131.77468303323127,116.23578076525337,125.29119989993669,130.1939058171745,147.7159217812828,106.36199095022624,104.37647058823529,108.35205108891155,138.27176753202968
2024-02-22,165.00834665801375,121.05263157894737,64.67527406492658,130.97619047619048,113.49809885931559,123.31838565022422,91.1182108626198,120.56027164685908,107.27693516430963,136.50625959595754,118.16261879619852,126.77143348525237,131.1634349030471,150.70422535211267,108.28748112903499,106.02474448628294,110.5780014378145,140.1672075185435
2024-03-01,166.79405745315512,121.42282958199357,65.6352894944305,131.1959775120754,112.73361127084532,122.86821705426357,92.2626788036411,122.53433208489388,108.98734177215191,134.88507001353952,119.18572001604493,132.1661516644576,135.43219088700582,163.76376376376376,109.17351795759411,109.54682779456193,109.6761048056025,142.73326871207013
2024-03-08,177.98461439221865,122.80846386369882,66.1686507936508,133.27446923796856,113.36717428087985,124.16302055800578,92.19935201067275,125.88652482269505,109.98143676216343,137.10904523029325,117.77753496088054,134.7334410339257,138.929889298893,171.12112112112112,109.65227817745804,112.30529595015577,108.7110433604336,143.64885367498314
2024-03-15,178.92654550003715,125.04351130068147,61.28048389166988,132.25071022727272,113.36170212765957,124.20689655172414,91.20340788072417,125.2133436772692,109.564074959948,132.6597487711633,116.78359417161359,134.1695562055673,132.9639889196676,163.3133133133133,107.84088146114019,116.5680473372781,110.42516912754152,140.69875252865813
2024-03-22,187.49699461669877,128.1134401972873,63.51360562765842,135.5080831408776,113.36515513126493,129.10344827586206,93.32373874512103,129.06777240020915,111.1219512195122,143.03664964750413,120.65784195748095,138.20153619148152,132.50039065274524,175.52026286966048,109.52207223641007,114.14739107046799,111.28717077315208,148.201491908294
2024-03-29,185.81939264755798,133.0014224751067,64.77278609724533,135.58052434456928,113.97849462365592,128.51256292433354,93.22916113970393,127.42960944595822,110.03309425679608,141.25874125874125,116.81730427932024,137.93103448275863,131.9735421549826,168.4336578066427,110.46413502109704,120.8960694197738,110.7826379099615,145.85194706675657
2024-04-05,176.6549392166604,126.19502868068832,60.86477987421384,130.4555325561971,111.84631803628602,124.28571428571429,88.95714390279608,125.53191489361701,109.24195223260644,136.07954545454547,115.38565566983753,135.27440026289844,133.27603538735394,161.46468899850473,107.56600589261707,111.99569661108121,108.54638087730686,142.37504214430209
2024-04-12,176.72084275415955,128.94736842105263,61.34337697343087,134.0851795865978,113.47617671147083,127.73851590106007,90.06133447583827,128.69807105975684,110.98248296944936,142.15547840757924,118.0178829079632,134.65703971119135,137.9652605459057,169.63545194967998,109.22875816993465,117.55233494363928,110.3923151577267,145.37887727579232
2024-04-19,168.96146163907167,125.0,58.907312925170075,130.20720226998012,108.71165644171779,122.86689419795222,86.23700623700624,124.82647167504149,107.42424242424242,132.83553439803438,114.34163701067617,133.88192121144212,133.9333681324801,162.05420827389443,105.10295434198747,117.3913043478261,108.72369610643466,138.35552933243426
2024-04-26,173.34968670472173,125.2440566415607,59.36091492667036,131.86041275062655,111.06041207807567,125.27681113571656,87.52876208007363,124.92613744526938,108.3266057174037,133.89866742677975,114.04418394950406,134.49462239940314,132.22717238477236,165.80105900015388,107.85371702637889,116.26409017713367,110.4897801774007,141.52478084962914
2024-05-02,175.18959940788204,126.19502868068832,61.55698552299456,130.56914399469144,111.17571868383864,124.64689265536724,88.22220768173787,125.82159624413146,109.3919008046432,137.08401624741683,112.60144274120829,134.7236726206151,133.46732837055418,167.0935199753755,108.5932727674452,126.34665485344216,109.64659706662852,143.73999072825353
2024-05-10,173.50633434385423,127.9373368146214,60.102585794366966,132.84671532846716,110.77551020408163,126.99281448301605,88.26100370218018,126.7846944603084,109.76712723128206,133.30720444666144,110.60109289617486,137.03661893555866,135.63009571074087,169.84455958549222,107.71783624307707,117.53630984400216,110.24835711655825,143.7231330074174
2024-05-17,160.12990723790915,124.22360248447204,65.52675124103696,129.771875,109.96303155783815,124.10531448074109,86.90575479566304,123.26454033771105,109.23186569528033,135.36291817340432,112.04641653345786,132.21186608539847,130.44414535666218,180.71825550617203,108.34256016269347,118.34319526627219,109.16979252595371,144.6402983816588
2024-05-24,166.0953016664928,122.47983870967742,62.76007466886796,129.375,109.70376862401403,123.17241379310344,84.98748957464554,125.39682539682539,110.19747610750304,134.5741349125114,113.54670689871939,130.0548959329956,130.24268912905276,182.71000593545966,108.1531505806206,111.02743410435718,108.41544987356228,144.47804281861093
2024-05-31,170.38566692908157,122.43589743589745,64.74290102823672,129.70396499374885,109.4999373982722,125.34435261707988,85.24999591843398,126.67660208643817,110.91528337896206,134.9431818181818,113.56877323420073,131.71977545153766,134.2505612666903,189.77653631284917,107.87486515641855,121.73211403980635,107.62174442200998,146.05582012811865
2024-06-07,164.726693287553,122.47427402232725,65.56733457595527,131.59203980099502,110.20408163265304,123.99327499594881,85.72620040509949,124.84394506866417,109.36547707726687,134.30485284686097,113.74175469217518,132.05619135434182,133.34927701280327,182.94117647058823,108.84073870908759,133.56643356643357,107.7235913583358,145.13602073499663
2024-06-14,174.5576225045372,122.72363319882902,71.32441513979586,132.43430152143844,110.96284050961003,126.2359456920326,86.23853211009175,125.6902652172589,110.6047267556037,131.91991427962245,114.2513529765484,131.0929561931623,132.16689098250336,181.59364731653886,110.2940329403294,140.49796357488663,108.18021870301979,144.6924519554956
2024-06-21,170.00761079562085,126.60071448200054,70.34391373217984,131.25442948263643,111.00702576112411,126.47514619883043,87.56149205244228,123.1064187649194,110.97959877483584,130.56057488328403,114.32926829268293,131.48479427549196,134.16832060831973,181.76470588235293,110.37615773124725,135.933297471759,108.72909698996655,143.53769807821982
2024-06-28,174.5488162874297,128.38709677419357,73.62082642244177,136.52737226277372,111.86810748265353,127.22754980672019,89.04139644446182,127.25090036014406,112.81999392896893,133.98900060463,115.27253103076094,132.27146814404432,136.25044261958055,189.0600106213489,112.31711437340886,138.0849919311458,110.64499213424226,148.01236935266354
2024-07-05,171.843349335519,129.71428571428572,73.60679642426933,137.3,113.17850546874135,127.45125840390699,89.5813047711782,127.24967267562366,113.99736909426667,133.06446746782825,116.42530487804879,134.49838187702267,135.9100738448576,182.0960698689956,112.42312423124233,133.3512641204949,108.3841463414634,151.9396915037087
2024-07-12,173.5030882266846,128.70967741935485,71.0708172192988,139.12663275352807,113.00882683013253,128.03571428571428,90.09247027741083,129.84848484848484,113.88280240462947,131.86960168603792,115.79925650557621,133.81037567084078,137.80014552510306,180.58823529411765,113.67063492063491,133.6740182894029,110.87955803785302,152.48651382333108
2024-07-19,170.7964990340144,126.45803698435279,72.8862973760933,135.39260969976905,113.28976034858387,129.39196076315187,90.20328556291435,130.4202960681063,113.6233707575171,131.95096922132313,117.84386617100371,133.18042813455656,135.8629541316276,179.7872340425532,113.25490196078431,129.74717590102205,111.58031314796392,150.7096046864464
2024-07-26,163.97057079985962,123.8181818181818,73.289799023648,135.03969926333002,112.74845784784098,125.10076438858997,87.95749704840614,121.68212766702256,111.1149825783972,128.22993739328402,113.32618025751073,127.30210016155088,129.08874710868798,175.0196934669064,108.91688311688313,124.61059190031152,110.42993665815321,142.2127865812542
2024-08-02,153.9150605609356,115.9304347826087,72.51907267693738,126.64378787424002,108.92988977851721,117.82074969638252,82.04472843450479,112.56038647342994,103.04332259219477,122.75070116333544,109.29160088326091,118.58407079646018,121.0908639726574,165.2941176470588,101.11223458038423,116.78321678321679,108.18403389594732,133.6817262306136
2024-08-09,154.76634661205122,116.54411764705883,70.59228324534448,123.24578313253012,105.46875,116.78165458494345,78.6280914605693,106.62721893491126,102.00326600473308,117.37780797607836,104.94611517608648,114.6788990825688,114.13334713738482,155.00632721887,96.64948453608247,119.04761904761905,105.64102564102565,130.82118172623063
2024-08-16,171.5106820553748,122.0730449316428,75.29025824150403,127.42653606411398,108.56481481481481,120.89356110381078,82.94907764768962,115.74633886636133,106.8122270742358,121.52046783625732,108.12979293685525,122.70642201834863,122.39650237194351,170.20711630377056,101.82599355531687,127.45098039215685,108.40281277296245,141.10965947403912
2024-08-23,166.44179605618842,122.85714285714286,78.98185954431699,127.22371967654986,110.91658084449021,120.53361131224356,84.04798413104061,115.2167089713147,107.6737160120846,123.29130416940251,111.95745857918902,125.48476454293629,122.70537171656841,161.94895591647332,104.5681921987759,133.0532212885154,108.714115937647,141.43206338503035
2024-08-30,171.83412611091615,125.97100765465767,76.82919195991346,130.96543837357052,110.75981642019377,123.00877192982456,85.95719180972637,115.24822695035462,110.17191977077363,125.33783783783782,112.6815166944742,126.82926829268293,123.96694214876034,166.60549991079847,107.3345974383284,137.53894080996884,110.79889807162535,142.90237272420768
2024-09-06,165.77874391782302,123.40033622959679,73.29520849037726,129.064039408867,107.46008351756325,120.3308567685947,84.12795946774926,110.41203025053304,106.0513737439283,120.76474201474201,113.25501248347277,124.05627657194003,120.38650505017448,156.6901139230828,103.91304347826087,126.05042016806722,110.74380165289257,136.8330664194201
2024-09-13,166.84039798541227,121.26164874551971,71.01507003794173,127.73109243697478,106.2879448049376,118.27794561933536,84.65855940130963,110.30869052300434,106.29629629629629,118.39704069050553,112.70405322536365,119.26829268292683,117.93184488836663,150.16676869995868,102.21177605014162,127.45098039215685,108.25035561877667,135.44862609575185
2024-09-20,171.80537507943583,124.13926708663551,73.71276806461864,129.38557435440782,108.73774053990563,120.70098576122672,84.765625,113.18717259347541,108.50143432871087,120.09859474161377,114.77897289970753,122.4390243902439,121.56089005809494,157.1584218976986,103.45280478342234,129.4956074061582,110.56691091399924,139.1999957855698
2024-09-27,171.84201041439425,126.0,74.62302092086672,129.30839248693525,109.74173066197605,123.65308804204993,86.11111111111111,116.26017533282705,110.31495780050578,126.87568067648549,111.99118301988324,121.70731707317073,124.67852021146516,151.83748033175988,106.33484162895928,133.01657656625696,112.36306061308197,144.3937542144302
2024-10-04,177.73952869649344,126.66325922139873,73.8595047546281,130.54726368159203,107.68431983385254,122.73324572930355,85.62417871222077,114.6200638298132,108.45109943704338,121.36363636363636,113.72920336660795,120.18719463139924,122.9668811242459,156.17147080561716,104.08357596733137,128.8515406162465,111.08501643964301,141.9246249157114
2024-10-11,174.42343807798466,126.37362637362637,71.46965191330173,129.5212765957447,106.07689882806706,120.0243215803055,84.61849010900283,113.54401805869074,106.96517412935323,122.23594741613782,113.10811999648105,118.2200474042358,121.84154175588866,151.72413793103448,103.20614202152154,119.04761904761905,110.06127853666933,142.56363789615642
2024-10-18,166.42733161973234,126.18371837183719,71.09919717911522,128.80448297463568,105.59582375965005,118.0327868852459,83.92591344398573,112.95180722891567,105.78065910318746,118.2286944696283,111.26066684261457,118.39437265846013,122.0556745182013,157.0948150378959,102.33003260035038,116.24649859943976,110.41825095057034,141.6564817936615
2024-10-25,166.12361102584566,120.9090909090909,67.57829411497912,126.3749637786149,101.83635597387088,116.23691080280409,81.47313510693792,110.05837545200528,101.80328833988077,118.55940410450836,108.59144452844916,113.91794046661303,118.33002157849191,149.3270947263364,99.66630096909856,112.72141706924315,109.83738624087978,137.93408631153068
2024-11-01,171.86444840076126,122.66666666666666,70.43853699519161,128.63646109545516,103.02756439222776,117.91256793162968,83.33333333333334,111.81898301124372,104.10588870880606,117.13460248107981,112.70244424718834,118.58523341281962,119.85210561149522,150.2911208151383,103.43937568893375,120.44817927170868,110.02160755913006,139.30061530681053
2024-11-08,175.83184971453127,124.17218543046357,69.17187812965972,128.640038538874,103.71539586653032,119.0973887589559,83.98637137989779,115.15957446808511,105.4263565891473,119.2355117139334,113.29448908873702,124.24442646674896,119.17082686447735,156.89655172413794,103.18107667210441,126.14566462707764,110.07751937984496,144.4574974713419
2024-11-15,180.3868333235759,122.61580381471389,67.4205741999258,127.4906015037594,103.29908187051045,117.95348439966082,82.5925925925926,115.97807597807596,104.55445544554456,121.05056699222393,114.50381679389312,121.10322874966042,117.65860032140705,156.9942196531792,100.29155014371165,126.05042016806722,108.73649600751527,142.85021915037086
2024-11-22,184.70136248364327,123.7956204379562,66.99435517923418,127.3109243697479,104.0959040959041,119.5092324866408,84.35607368790065,116.74242424242425,104.53296703296704,120.15292190060076,113.00936753103234,124.06605837685518,119.55629713870317,155.67375886524823,101.52678734686415,124.15751609238926,108.54861437294505,142.05421864463926
2024-11-29,181.3240027169876,123.24826892463352,66.51598574030058,129.57393483709274,104.23205138629157,119.6965922678358,84.44632173049439,114.55763993112565,105.3442651098901,117.45163050100416,114.88912354804646,121.38981954711625,118.6522296044615,155.98325578596572,100.14274061990211,119.8788337750852,108.08854214968005,141.22081507080242
2024-12-06,182.7058882012803,124.8120268198555,66.6180603985714,129.6918767507003,104.74538705247272,118.66471099521947,84.07407407407408,114.58181613081425,103.515625,120.53362141696715,114.63338781768475,126.11259215519412,119.16871257396025,166.09195402298852,101.29657592645715,119.04761904761905,109.55222487497667,143.67097943358056
2024-12-13,186.15006166420034,124.10101010101012,66.07751308930433,131.63282125506805,104.9079754601227,119.3658125592738,84.27865846238586,114.10693581969056,105.3267121959627,121.82683590208524,114.91436959218271,124.86956876171843,119.26286509040334,166.66666666666669,100.0494559841741,122.29508625880257,110.694253374286,144.689817936615
2024-12-20,184.9459210779791,123.98975672215109,66.60485534670096,129.70498474059002,103.52482727630175,118.16305469556244,84.09415439535921,113.65889676291194,104.4593565520515,120.86567173951117,113.82530658527304,124.7745431430107,120.31757111034666,159.8981077147016,99.72857696781699,115.94202898550725,110.8108108108108,142.34185350640593
2024-12-27,190.02051743755376,122.72401433691755,64.79569052137992,133.27284061501612,105.60747663551402,122.17682428220581,84.16824196597354,115.51418439716312,106.28697387107174,126.80823772536165,112.91828793774319,124.88092310653039,125.07561966397624,166.75517790759426,101.77957618448268,117.64705882352939,112.16165413533834,147.5935603506406
2024-12-30,192.2073502722323,123.28536394750316,66.06508438070651,133.8235294117647,106.10889774236387,123.46185823461727,84.84400685128347,116.75531914893618,106.76731163573268,128.07328605200945,114.45936054548167,127.53447434682398,124.88774427670522,166.33237822349568,101.86127733492319,121.84873949579831,112.29323308270676,146.7106372218476
2025-01-10,181.2796381944851,121.86379928315412,65.24134893735385,131.01071975497703,104.24597364568082,119.97950819672131,84.5147415369057,115.88250347298383,105.31177829099308,122.53513145965549,114.25404791554672,126.66498735963468,123.92631613310586,162.46418338108884,100.30463680962175,115.88785046728971,108.78326996197718,142.98086648685097
2025-01-17,181.45856507230258,122.42424242424241,67.35725701640382,130.99214145383104,102.3715415019763,118.24915824915824,84.03954802259888,115.60677988089398,103.98268398268398,122.32038470871109,110.40646957654047,125.70210824692066,124.27716437509973,166.189111747851,98.95287958115183,113.4453781512605,107.33840304182509,141.15285738368172
2025-01-24,178.14128271178504,124.98984730344378,67.64823140960343,131.75941540191118,103.32402132632194,121.38492871690427,84.9296725421847,116.3979551710578,104.92713937610074,124.42557442557442,112.04431253771527,127.79369627507164,125.23116406018595,163.70088594671148,103.37078651685394,116.35514018691589,107.42809561808278,144.92582602832096
2025-01-31,180.41727078242707,126.3157894736842,67.84408922063707,133.53502083598713,104.57142857142858,122.42242242242243,86.40674394099051,118.15494991591721,107.2140725217502,127.731213269253,116.0955816050496,131.4669887761147,124.6056484461505,175.72869955156952,102.56410256410255,118.01661474558671,109.24821019850262,146.90766183412003
2025-02-07,180.21559042210643,125.08633824276284,65.65312687512501,133.12239847816858,105.49627541775719,124.34325744308232,85.48790658882403,116.42611683848799,106.80226206541997,125.46430722578769,116.95649846488172,133.57411667769904,125.39109153126189,174.7486033519553,100.32852092784887,113.6552440290758,108.34287896143566,144.19831001348618
2025-02-14,180.82299045723317,126.69375317420011,68.38465132259836,133.43216068513567,105.31120331950208,122.29102167182661,87.87578863334716,116.78200692041523,106.94980694980696,126.81818181818181,115.78830648493563,131.07801101353363,128.15991205720067,177.73992770292477,103.51137487636004,113.49948078920042,107.69817073170731,145.35622471341875
2025-02-21,183.72936303495112,124.0566037735849,67.54423044622362,131.4,102.75000000000001,122.57035868538459,86.85714285714286,117.07317073170731,104.45163235277847,126.36363636363637,115.80429994403491,126.24282187144561,127.16005665468523,181.20567375886526,104.63054187192118,112.72141706924315,107.75193798449611,144.16143374915714
2025-02-28,176.19760259937942,122.81467946713462,65.62804186945797,131.5759453319678,103.7107843137255,121.72470978441127,85.34258456201215,115.73770491803279,103.68610326226562,127.08625963667653,116.61969794494354,126.96494591263865,129.18665194282806,175.25225703664364,100.46809651474531,114.8203773950185,108.01033591731266,141.2935139919083
2025-03-07,179.67588255956912,125.2176008814213,67.54860610896003,136.19220585581454,104.18774258169525,125.0,85.71428571428571,120.26542161856253,106.5603913538021,131.71828171828173,118.43252123911023,130.03731343283582,132.60178560752507,180.91552617241183,102.14868691950436,117.78514861668211,108.01033591731266,142.6895439986514
2025-03-14,183.73975060344176,124.52554744525548,67.50610163989589,136.0531561461794,105.84117647058824,125.25497814473046,86.17092119866815,119.13561847988076,104.73339668461618,130.13486513486515,116.50211565585332,132.6321429857951,131.91820674197777,181.36826783114992,103.08788598574823,118.89848812095032,109.03353057199212,143.0720035401214
2025-03-21,197.14767984126942,128.7762313967246,66.93867457962412,137.23529988062558,105.79994061766492,126.91579133642648,88.45567734356487,121.9887955182073,106.47743813682678,134.06130958509215,121.13918973124748,130.98806019257236,137.75933609958506,193.38565022421525,104.54901960784314,123.2181425485961,111.68032786885247,147.7242076871207
2025-03-28,188.827474241434,127.12871287128714,66.80564245111007,134.03361344537814,105.39808135988756,125.76730165394866,88.36969339622641,117.70401106500692,103.98268398268398,129.39998585028488,118.74901597402172,125.42074147360702,130.66759388038943,189.2756823502235,103.35683722051468,123.86609071274297,110.61847988077496,145.25297117329737
2025-04-04,165.13144891665343,119.87997771150327,62.392339921243675,123.90640895218719,101.11361559549192,115.49295774647888,79.87525987525987,103.50218886804252,96.35465559078268,112.98054921114957,114.16803953871499,118.08390640920578,119.91434689507494,157.51460435475306,91.66666666666666,116.67563206024745,105.6910569105691,130.75585805799054
2025-04-11,163.25130778264116,122.36363636363636,60.98075508139428,123.48142958528197,103.60735822494904,117.07693950304589,81.08240627280362,103.63636363636364,95.34644116165855,114.63681048607319,117.57282668467177,121.29799453114727,118.49702882870577,158.15188528943176,92.4406265962881,114.13897280966768,107.28241563055063,129.9577503371544
2025-04-18,169.00203173064813,126.56536010142236,64.44608219077605,129.65195647261612,105.21472392638036,122.29886088377016,84.14772727272727,108.29986613119142,96.53679653679653,119.56521739130434,122.49957124750941,125.07806633241623,122.62916939175932,166.73944687045125,93.84176182707994,114.4927536231884,110.44395898991446,134.81698836817262
2025-04-25,172.66397672715783,131.16646115906286,64.16755474477901,130.8743017697538,104.62585034013605,123.93692956952091,85.31317494600432,108.57847872825859,98.1055968860847,123.13300353427572,122.88884949954341,123.08351177730192,124.72204054937868,175.82779636327285,97.29092170571596,117.35651979314137,110.03266448903406,138.4456127781524
2025-05-02,172.09726366830864,129.40251572327043,64.9227097335668,130.07307476110174,105.97014925373134,125.50819672131148,85.0488354620586,111.71477079796266,99.56331877729258,124.88066205518847,121.64083031685429,124.7656018696266,123.40425531914893,172.5618631732169,97.26477024070022,114.38340119970228,110.56390977443608,141.59326534052596
2025-05-09,174.28944580194468,129.45235659768667,66.39824879942009,133.5669781931464,107.72946859903381,127.62168579343094,86.60907127429806,113.12820512820514,99.72669387993514,126.91093387183673,120.61046511627906,128.25984018940514,125.177304964539,176.9407501986795,98.28122142987749,113.36055177917433,111.90635451505018,144.00128540121375
2025-05-16,173.34911638564722,126.32367997659793,64.62200628190027,133.50563909774436,108.89104894937056,125.73234360933623,86.29011952721191,113.88261851015801,101.73160173160174,128.92308461359016,116.01744186046513,127.10669172147404,126.8713889134124,185.75418994413408,99.77032205235835,115.41354742742624,109.90380871561922,144.36794082939986
2025-05-23,179.82857475995905,126.56934306569343,65.12570517642476,132.12996389891697,106.67816054291698,125.37313432835822,86.88760806916427,113.5602377093463,102.88770053475935,130.144198848671,117.4452362100818,128.66160941381392,125.88652482269505,190.3958944281525,99.56958393113344,116.52267818574514,109.86193293885603,144.108226567768
2025-05-30,179.32967230733354,128.78983521309863,64.74790356394129,134.45378151260505,108.57142857142857,127.71729018071099,88.58971807628524,115.44715447154472,104.33884297520662,132.25781531412701,121.20218579234974,132.8255998040991,127.27272727272727,195.42626021248427,102.75772455533712,117.63337193894054,110.00000000000001,147.58776550910318
2025-06-06,177.16822638372082,129.5986690765692,63.66034378805253,135.8087487283825,109.39027960767092,127.58693814190079,88.5704641350211,118.07228915662651,104.1992731979291,130.14016522788455,123.24959285843535,129.50346913945612,130.077825276773,196.7180625235494,102.49814475832386,115.44891640866872,108.99193548387096,145.8893501348618
2025-06-13,175.1961263928459,130.61747086731236,66.58052799984739,132.76305081336125,108.0,127.29026036644167,89.50831847890672,115.98813849141214,102.77083905777735,130.76594788858938,120.48404951755134,128.6037327014319,126.67563930013459,196.01156069364163,101.84330907670692,115.22678185745141,107.26860210292047,145.21188047875927
2025-06-20,172.84723560007706,130.05366726296958,65.53436895793052,134.09689176875568,109.09090909090908,127.79762461423363,89.75737769855417,114.04358353510895,104.21686746987953,131.96080478975216,120.45446220516591,129.45626591094674,128.973185088293,195.4335260115607,103.06924408276595,114.79481641468684,106.23672305271441,145.99102326365477
2025-06-27,172.32704123533645,131.09398804640807,63.47679078310235,134.8697310249401,109.00363731405048,129.60932145305003,90.36368032241339,119.24939467312348,105.83941605839415,132.9162025433955,122.03389830508475,133.4012178451597,132.1036889332004,196.12716763005778,104.10883134332609,114.0555712064774,108.19397993311037,149.6407198246797
2025-07-04,178.2558824161718,132.16951363405104,62.79559748427673,136.50475247215547,107.89841657047023,131.44976546307404,89.19303234980448,117.7927927927928,105.27793374508703,135.2702853229169,123.60655737704917,131.11464161543597,129.6111665004985,198.57636603028308,102.44648318042813,116.04767270792252,111.83946488294313,148.9774738705327
2025-07-11,185.95348602144614,132.24043715846994,63.78432693078332,137.92794463189642,112.5,132.80138669183037,90.49494000727185,120.71778140293638,105.76743410076743,138.32682002012112,122.82130834280267,135.08706219003136,136.15767700775754,205.58659217877096,105.5581947743468,119.00647948164146,109.46890766337285,148.72934929197572
2025-07-18,187.43168844863072,132.0818313686011,63.55226891177428,138.29660512209648,111.16161616161617,133.8862559241706,90.22394487510766,120.17400761283305,106.71844824398897,138.03026083727838,123.88175415754277,133.16525651684844,130.80127151156418,207.4728398822215,104.23728813559323,118.28418943875796,109.16472819847252,149.32147673634523
2025-07-25,196.22736433259965,131.56424581005587,63.52725366876311,140.4284679409332,112.52941176470588,135.92093414767834,90.95816464237517,125.66585956416465,108.34904672113974,142.2095889804149,122.89238278591293,133.6231884057971,135.6242464101721,218.72238271010536,106.06575963718821,119.45120160779888,110.89430894308943,155.50509946055294
2025-08-01,202.01745284037293,133.83084577114425,65.23165911551683,142.53510466790553,113.38102621680228,140.31309063303087,91.86274509803921,125.24850894632206,110.17488076311605,144.8757732481493,125.76288612858433,136.43979057591622,138.08574277168495,215.3763440860215,107.31387147335423,128.0494727480625,111.41129032258064,155.3359954484154
2025-08-08,203.2473968102688,140.5925778132482,65.4285374226365,146.08748829492689,114.45354218583125,141.1833976833977,93.0977130977131,126.8326417704011,110.01516056415674,148.4362590265095,126.88953488372093,140.29820168449805,146.36091724825525,217.63440860215053,109.4768325307651,130.33755578198176,111.83589743589744,159.31652478084965
2025-08-15,196.37936103985643,140.50986793237664,68.84983998933262,147.10743801652893,117.16554852725065,143.2909604519774,93.19478745696753,129.13125590179416,110.9646856158484,148.33935837580847,128.6008230452675,143.31325962303492,147.95613160518442,232.6872358636923,109.9573231627051,134.273445587645,110.49037864680322,163.71375590020227
2025-08-22,201.8871224487727,144.5596450870851,67.36290686311358,149.57761351636748,117.26726726726726,144.27860696517413,94.8934463436013,131.2361213915618,115.06591337099812,151.8850987432675,132.62867647058823,144.56964463861846,152.35457063711914,233.10049216284173,113.36032388663968,137.73049051808056,116.28717948717949,163.3550025286581
2025-08-29,202.12108000689452,143.3785145159813,65.99222606429626,148.23379923761118,116.02004826434008,146.83127314452616,94.77682811016145,131.0412519354125,114.44919040911226,152.41808224264366,132.31165932806562,144.5431559393168,151.9125683060109,227.86127167630056,113.09644670050763,136.76888298780003,113.05785123966943,162.0016436277815
2025-09-05,204.87515081771082,151.11681796464404,69.61201767805542,150.75042466916727,117.07418355855856,151.51898734177217,95.775,134.70958712386286,115.36458333333333,156.7590456341087,134.20749384762559,142.71698372837042,156.82046138415245,228.49462365591398,114.59008747381947,137.47810520875822,117.8082191780822,163.5889034052596
2025-09-12,203.6080919405043,153.77639751552795,67.14794908416647,151.77065767284992,117.25293132328306,151.1554101637929,94.582485196151,135.51191947015576,119.40670723722751,156.1014263074485,135.75065392484396,143.30660600183984,157.63888888888889,230.8670520231214,116.74894861949167,139.5327093311058,113.05785123966943,166.49580664194198
2025-09-19,200.05269012352906,152.2567255149222,67.14810569044576,151.22470713525027,117.66871165644173,152.3076923076923,95.57522123893806,136.02520045819014,118.4984520123839,152.88788221970555,133.70573105585964,142.95598884257473,154.78142076502732,230.32258064516128,115.22216127262755,126.66909274558293,115.90778097982708,165.82097100472015
2025-09-26,208.02390082547865,152.82280928433988,68.97218355493689,152.79227537193754,117.109375,152.78545156254134,96.33569739952719,138.02978235967927,117.56769166185654,156.45526613816534,135.64517051956972,143.79811442664544,155.32407407407408,237.8034682080925,118.40228245363767,129.64132839161385,115.83617859027832,167.8934170600135
2025-10-03,195.62415842163807,147.06021437578815,66.25166002656042,147.6018244848351,113.43750209522024,147.3549933580212,92.84810126582278,132.5,114.5082004869757,153.99239543726236,133.46303501945525,137.43016759776538,146.82799215173316,232.7956989247312,114.39252336448598,125.18960936056797,112.00561526898252,164.84585721510453
2025-10-10,195.784424214039,149.19708029197082,65.58426417919742,147.69337373290168,112.09876543209876,146.42857142857142,93.09049636095574,135.07340946166394,114.99546623929821,150.77681874229347,132.37354085603113,136.67205169628434,142.70765206017003,228.09248554913296,116.17771268485393,124.40738361157035,110.70605649438758,168.45024865138234
2025-10-17,194.01710965400153,149.3169398907104,63.40346498622422,146.4139344262295,110.5952380952381,148.224043715847,91.67290558523669,133.89652734339498,116.18879648555361,148.8690884167238,132.45088720091428,136.71143035602748,143.84300801299804,226.87861271676303,114.28571428571428,122.95864959098056,112.3076923076923,167.01997639919085
2025-10-24,202.98979860663894,154.70347155255544,63.180955014993245,148.94738382171556,112.88343558282207,153.79748375635754,93.88688085383495,138.27329559924092,118.58610386303337,154.6949965729952,136.08549102496357,140.97560975609755,146.1739699149771,232.8058317240064,118.0758957354702,125.43330153813623,112.93290398895972,172.23586058664867
2025-10-31,205.5853784806538,149.87786975492395,63.53016865297293,147.47899159663865,110.92176607281176,152.04802259887003,92.33038348082596,136.63459672276596,116.19585687382296,153.8022813688213,134.8559670781893,139.3846153846154,144.5,238.8059701492537,118.89718552556003,122.79503599905661,111.10367892976589,175.5220625421443
2025-11-07,205.3252194577313,145.03205128205127,64.83127239469795,147.23854906735622,112.99621239094093,151.27659574468083,91.640625,135.92719147305155,116.15230563304007,154.79810792241426,135.18926824198422,138.77221324717286,141.6023166023166,240.6276440924629,116.90821256038649,125.76195195401043,113.51961035418023,173.78466368846932
2025-11-14,218.49548514901588,149.41763727121463,66.58663355334801,147.9728338502323,112.06594138079492,153.3092183300766,93.03804235803361,131.89407688246277,117.89886900416991,157.0440251572327,137.29508196721312,146.1212976022567,144.4980694980695,245.9932035391444,118.99490423475663,126.59492028157919,113.06249037142493,176.99605950775455
2025-11-21,217.38716765072047,148.94160583941607,66.75752962990805,146.7973734751737,112.79459475849242,152.51613130773114,92.54248964052081,131.08156028368796,116.2962962962963,158.0621301775148,133.19672131147541,145.6422018348624,143.15531000613873,248.99441340782124,118.21038961038958,130.8789358174638,113.63057324840764,173.72566166554282
2025-11-28,219.6635692380952,152.63023166517343,68.9571843080756,151.45806444787678,113.01197436194703,156.43835616438355,93.51516838296688,133.57947306731896,121.56520423998526,163.47331325557167,138.58823529411765,147.89667896678966,152.1889400921659,258.44086021505376,120.93381260990324,132.49433321289112,113.49393092613265,177.97749494268376
2025-12-05,237.15895630292238,146.31410256410254,67.88858154339164,148.3656365883807,111.00000000000001,152.69472762026123,92.18890011629901,134.0887629839471,120.15503875968992,161.2645058023209,132.84329058492338,141.95246690734058,148.25046040515656,262.36559139784947,118.984067138955,127.4549881087512,113.03972762571487,177.14093054619016
2025-12-12,239.9393668741483,149.51923076923077,69.46288918400472,151.3245033112583,110.17341040462428,154.21412300683372,91.7004048582996,135.74137709461309,121.32413435699027,166.04940444213918,133.14023425134536,143.2150075125026,147.71929824561403,271.07526881720435,119.10499139414803,128.3454085373009,112.68915027597836,180.3686572825354
2025-12-19,239.5563784321761,150.5976798937317,70.75379155646323,150.0,112.2444264756844,155.35302987760554,92.52767527675276,133.60655737704917,122.46435572981645,164.13068311628967,137.3417220639443,145.25025536261492,155.06912442396313,274.4784345527722,116.72683513838749,131.73749327595482,114.60941257132176,178.25248651382333
2025-12-26,243.16052924301857,153.33333333333334,71.99728438686036,151.79696291066347,113.75,157.1417762322962,93.20011059228312,137.5558867362146,123.98221252277088,164.32432432432432,137.4485596707819,148.40750436300175,154.68146718146718,272.64582207004264,119.85197381224846,135.91441786324657,115.69703680398551,180.32809339177342
2025-12-30,244.73464668344945,151.97366065033663,73.4655954495272,153.63176845312285,113.18181818181819,157.63228253346261,92.76139410187668,138.67489622276355,125.09246827964829,162.30703259005145,137.73987206823028,146.38743455497382,158.52534562211983,274.22643719589115,121.14285714285715,132.76146515056632,114.33718426455928,179.58582687120702
2026-01-09,255.29169837831512,153.71812777539034,77.27286864850707,156.6,113.85394345752403,161.0273951767941,95.18518518518519,143.31424722128662,130.078125,165.0943396226415,140.11764705882354,149.84709480122325,167.83333333333331,289.97191686189706,126.95725772323318,132.03465831394055,115.21642037312454,185.12464177343224
2026-01-16,273.0391224167203,154.73696461824954,75.32404072812992,159.13595933926302,113.71308016877637,168.0628272251309,94.90167516387473,152.3605150214592,133.2167832167832,171.95540308747857,144.23868312757202,162.28782287822878,176.5285996055227,306.5819267273012,127.53872633390706,132.68118324606112,115.29425565362577,192.74064396493594
2026-01-23,276.30481236461566,155.4528318822368,76.91573715356125,159.24764890282134,114.55033557046981,168.16143497757847,94.89583333333333,152.35958545533998,134.348182681516,167.02401372212694,142.38683127572017,151.39186295503214,180.63291139240508,311.6759776536313,130.9080188679245,133.92552372034015,116.9891383406342,191.21396662171273
2026-01-30,275.263816521281,150.61260210035005,74.82084699220911,155.79470198675494,112.24489795918366,161.9232998454405,92.61727462407367,149.6191512513602,131.7283950617284,164.0937114673243,144.320987654321,151.82012847965737,176.87366167023555,311.56424581005587,126.08695652173914,130.58755084423802,115.07276876492891,187.8750842886042
2026-02-06,285.0352731104736,156.1260210035006,77.35898442612225,159.50114867082377,114.3939393939394,170.85650218295132,91.674047829938,156.47442872687705,134.335668367494,170.89330591729495,146.01188614325932,150.0523560209424,181.64556962025316,344.4146336390674,131.42857142857142,138.31732729805498,117.56913840665587,194.86471679028995
2026-02-13,290.1012089456121,160.2488689263417,80.77191555539666,161.58696794534947,117.49644546325044,175.83469495041345,90.60846560846561,159.5436507936508,137.87878787878788,182.0754716981132,151.08047690014902,153.51681957186545,186.64007976071784,355.85659820440287,132.46753246753246,138.04747288910184,118.46267096405458,201.1784600472016
2026-02-20,294.92564838124235,165.1063566658422,85.65274988844266,164.10614525139664,116.70480549199085,177.58175196041452,90.56603773584906,164.82142857142856,141.0159651669086,182.92134831460675,151.85185185185185,160.16343207354444,188.9332003988036,363.2728883087824,137.2850812868599,142.99930838392376,119.22188798166454,200.63216453135536
2026-02-27,303.9927404718693,165.56139862400977,91.82879377431907,164.4709180098108,117.72151898734178,184.29844251583518,92.06861239119303,170.46602742550778,147.3568281938326,182.24699828473413,158.67392883079157,170.79510703363914,203.46751693901953,360.8529250956807,144.4654796645857,146.36426921494794,124.86463923673226,207.49114969656102
2026-03-06,292.97538200339557,159.77653631284915,85.97922848664689,161.3722998729352,116.07445008460238,172.52451085812493,90.70801342209086,158.74233128834356,140.565053077296,167.34467455621302,150.7078986587183,164.7599591419816,187.34491315136478,331.36094674556216,143.41066085478923,146.95936345552713,119.75028376844494,195.8092759608901
2026-03-13,284.40057920881685,159.77653631284915,81.37982195845697,158.17388437245629,115.61181434599158,168.4322033898305,88.93617021276596,154.5628589661774,137.04945432532216,163.14606741573036,150.5151580390439,159.46372239747635,191.33333333333334,327.5619280894722,136.08239348370927,150.98400611705284,115.7578766440427,191.1786707687121
2026-03-19,286.3959683420343,156.78962703962705,82.63888888888889,155.80286168521462,113.61621600956839,169.5094440343755,87.67152418454695,154.44872209210553,132.20064724919095,158.66209262435677,150.7078986587183,160.77630234933608,187.18836565096953,327.2556499903419,131.94743064853918,155.81747543036795,116.61680945019349,190.14455495616994
2026-03-27,300.6224037620028,157.68982523500597,85.05725756934592,158.30721003134795,116.0493827160494,169.60432866508063,88.44665561083471,153.6092701685485,133.33333333333331,159.5371789329193,147.53561824961744,157.68688293370946,182.84023668639054,342.2636103151862,132.42492240583843,150.5393961915701,118.38882596240197,192.26704737019554
2026-04-03,307.61106043610636,155.17769607843138,81.68894129979034,155.57814485387547,113.06532663316582,164.0526921728266,87.51351351351352,149.1564417177914,130.35981351107006,157.3372566097642,151.2941176470588,154.03994154620446,179.60339943342777,339.78494623655916,136.9047619047619,146.48950702462406,118.21752157787495,192.0299856709373
2026-04-10,298.75986756956115,155.5248810710958,79.66550613956275,156.20024552921672,113.15334634958232,165.18786781349027,87.48876306402934,159.58762886597938,134.10350380365372,160.2959309494451,146.28806435252488,154.76883004124159,180.61465721040187,355.1475616441453,143.312101910828,159.25754342019502,117.98365295390798,197.01671021577883
2026-04-17,295.17812188981907,151.487689931278,80.30098831985624,153.67927527018438,113.8157894736842,164.650397046305,88.57509627727856,157.2052556818182,133.4435070576434,163.03077109747102,152.0799347471452,158.74713970603392,181.9015444015444,368.4146341463415,149.78366604755672,156.12884374306537,116.81528662420382,198.12089093054618
2026-04-24,286.2592207716176,149.26721577354292,79.15426587301587,151.40562248995982,111.65644171779141,161.5230731166073,87.20930232558139,154.77514716259793,128.56658842874384,156.601165277044,143.32925336597307,154.20409963062855,181.3375469305044,347.3170731707317,146.27902724446884,150.7656188803063,114.04013745704466,195.79136463250168
